id,name,user_id,followers_count,friends_count,verified,created_at,status_count
1,A_lifeis,124827332,490,265,0,"2010-03-20 18:14:13.000000",41686
2,TheWriteSteph,138281573,3884,4994,0,"2010-04-29 03:27:19.000000",152625
3,Trevenclaw,177265188,375,1057,0,"2010-08-11 17:54:50.000000",35687
4,SidelineWitness,835110147290775554,40,144,0,"2017-02-24 12:52:29.000000",4827
5,AkeemJWright,1522334604136308740,80,74,0,"2022-05-05 21:57:23.000000",69
6,Leodu84,2159697685,1055,2126,0,"2013-10-27 21:54:54.000000",97949
7,Juxseries,1080191701459890183,905,2757,0,"2019-01-01 19:59:05.000000",74713
8,esty06,66332964,1013,825,0,"2009-08-17 11:25:44.000000",128008
9,Tajima_Kazuki93,1542844362,788,2821,0,"2013-06-24 09:04:55.000000",6721
10,Lolo__Nor,3301547466,252,426,0,"2015-07-30 14:31:27.000000",24655
11,miaerr83,924567683831607298,213,200,0,"2017-10-29 09:24:48.000000",9869
12,misspriscillia,105257742,399,875,0,"2010-01-15 21:13:39.000000",44667
13,dianee_23,1321088147804049408,146,279,0,"2020-10-27 13:55:48.000000",2000
14,StarkVideo,1234648111240314882,346,2510,0,"2020-03-03 01:13:56.000000",97
15,SamCineSerie,1364871922861961217,46,126,0,"2021-02-25 09:37:04.000000",598
16,LesAutresCNous,1500416654072848386,15,98,0,"2022-03-06 10:23:19.000000",683
17,Arnaaud91,1337539099,739,343,0,"2013-04-08 20:25:27.000000",78532
18,RShojun,1408108436911439887,110,584,0,"2021-06-24 17:03:18.000000",452
19,Lucy__xxii,1031646069036343298,99,72,0,"2018-08-20 20:56:04.000000",33716
20,obrienperales,856604900,1237,887,0,"2012-10-01 16:05:52.000000",50168
21,AlizeeRafali,1129084148122042369,27,18,0,"2019-05-16 18:00:13.000000",1273
22,duaaxgmz,3740518276,735,721,0,"2015-09-22 16:22:31.000000",66007
23,JujuKerol,774208831,598,252,0,"2012-08-22 18:12:09.000000",55527
24,redingirl,1155647955661205504,215,462,0,"2019-07-29 01:15:18.000000",15411
25,arfmcu,2938414510,199,643,0,"2014-12-23 15:12:34.000000",19013
26,auded__,387346022,472,147,0,"2011-10-08 22:02:20.000000",69019
27,JaySox420,763161558251896832,1119,152,0,"2016-08-09 23:54:29.000000",17429
28,Bearrd_Gawdd,314137916,919,916,0,"2011-06-09 19:33:58.000000",36817
29,DozoDter,1166802178213892103,2,103,0,"2019-08-28 19:58:24.000000",74
30,_mlyndaaa,3426171131,650,262,0,"2015-08-16 16:12:51.000000",230002
31,Maveric95988932,1074696464956305408,102,846,0,"2018-12-17 16:02:58.000000",10392
32,AssouanDejna,1496041695712006145,6,15,0,"2022-02-22 08:39:27.000000",962
33,AirTunji_25,236685946,870,1044,0,"2011-01-11 04:16:06.000000",24897
34,true_lyly,878023780676890624,91,142,0,"2017-06-22 22:55:57.000000",9718
35,AbeilleCynique,1453774529076006913,38,80,0,"2021-10-28 17:24:14.000000",1706
36,caro_army_,1531899165558571008,39,184,0,"2022-06-01 07:23:28.000000",1264
37,elo_hope,282193699,1084,464,0,"2011-04-14 18:48:03.000000",97291
38,Mi_Leine,1499334722379522053,4,47,0,"2022-03-03 10:44:27.000000",237
39,StartWithThis,1413267168,4358,1167,0,"2013-05-08 16:44:00.000000",48860
40,enessubasi4,355788998,302,775,0,"2011-08-15 22:03:47.000000",28356
41,potam1304,961633504202313729,45465,25972,0,"2018-02-08 16:11:08.000000",259628
42,SanjuSandeep98,763584284905074688,426,285,0,"2016-08-11 03:54:15.000000",21761
43,A5PHYXI413_MSV,18851009,346,960,0,"2009-01-10 23:50:27.000000",116365
44,shayaksinharay,1067774181905977344,5,144,0,"2018-11-28 13:36:18.000000",46
45,SamriddhSaxena,1030863520299024384,15,94,0,"2018-08-18 17:06:30.000000",702
46,mehrasahab18,1525462588561461250,59,232,0,"2022-05-14 13:07:05.000000",1460
47,TirupatiTalkies,1415491378935570434,692,0,0,"2021-07-15 02:00:34.000000",1811
48,HelloMawa123,1398657585662681095,77,1778,0,"2021-05-29 15:09:05.000000",9008
49,SumiaraAhmed,1408842095926857730,4,42,0,"2021-06-26 17:38:35.000000",76
50,AMiddayVoyage,1075153689600380929,20,2,0,"2018-12-18 22:19:49.000000",45386
51,E4Entmnt,1528493078193270784,493,270,0,"2022-05-22 21:48:59.000000",3497
52,mrsurya116,1347364704029560832,14,20,0,"2021-01-08 02:09:29.000000",356
53,LinkInMedia1,1561771676747984896,19,0,0,"2022-08-22 17:46:15.000000",748
54,SKsunil2829,1129457859123527682,16,29,0,"2019-05-17 18:45:12.000000",638
55,box_oficeIndian,969157263553277952,97697,0,0,"2018-03-01 10:27:52.000000",23253
56,TollyStats,1352258850682880000,16052,48,0,"2021-01-21 14:17:06.000000",1090
57,ranting_ai,1566151898696130560,0,0,0,"2022-09-03 19:51:43.000000",413
58,BeyondPremiere,157043907,314,814,0,"2010-06-18 17:50:52.000000",12457
59,ShaneHubbard28,1498904402,405,259,0,"2013-06-10 17:46:44.000000",1799
60,vivek1252vkr,1518094729417682945,73,140,0,"2022-04-24 05:09:37.000000",3753
61,zeusjdo,1484373741349924877,4,17,0,"2022-01-21 03:54:22.000000",98
62,aravindhram,46402987,206,609,0,"2009-06-11 14:53:04.000000",10449
63,chinu_bhai,51171889,337,189,0,"2009-06-26 18:40:00.000000",17439
64,KingJayden981,1187150510001967110,83,238,0,"2019-10-23 23:35:38.000000",1326
65,mokshnigam_,1564663442426183680,35,64,0,"2022-08-30 17:17:36.000000",550
66,MrIppikodoku,839586899668922372,174,468,0,"2017-03-08 21:21:30.000000",26887
67,playyyball,78033543,468,921,0,"2009-09-28 14:55:13.000000",10401
68,The_Yzulf,593838053,330,412,0,"2012-05-29 16:23:31.000000",9484
69,JackNefarious,3090573899,511,1982,0,"2015-03-13 04:21:24.000000",38088
70,MJB_30,2547392351,1338,969,0,"2014-05-14 13:51:05.000000",104016
71,NightOwlGrrl,2924898505,152,264,0,"2014-12-10 00:34:43.000000",19917
72,YankeeJosh,32258349,1035,979,0,"2009-04-17 02:17:44.000000",230330
73,AhmadRehanKhan,374119756,2210,1416,0,"2011-09-15 18:58:17.000000",3309
74,pr_nvGarg,1489891855,29,93,0,"2013-06-07 08:33:35.000000",1196
75,jirahnicoletv,735322042535444480,307,57,0,"2016-05-25 04:10:11.000000",4134
76,IssaMerk,1238833518488281088,28,27,0,"2020-03-14 14:25:09.000000",1717
77,SAMTHEBESTEST_,1220046930236936192,2343,51,0,"2020-01-22 18:14:01.000000",31148
78,LeanguruHK,1419490266533277696,123,240,0,"2021-07-26 02:51:51.000000",8949
79,AGMEDIANEWS,1569621367,9627,54,0,"2013-07-05 03:15:48.000000",11527
80,BlogDrive,978044029,28857,10,0,"2012-11-29 10:08:40.000000",18077
81,RadhikaShines_,1263372642767253504,1446,741,0,"2020-05-21 07:35:11.000000",101428
82,StefanSommer,18951560,100,413,0,"2009-01-13 20:19:43.000000",3431
83,SouvikNaha,905747441638617090,601,572,0,"2017-09-07 10:59:52.000000",460
84,silkyreds,115426626,176,283,0,"2010-02-18 16:32:56.000000",16276
85,CharityWhatever,389708024,386,2210,0,"2011-10-12 21:36:08.000000",16635
86,SameUnknownGuy,1558895815447531522,3,14,0,"2022-08-14 19:18:39.000000",55
87,AyebeLamAnthony,488667691,397,103,0,"2012-02-10 18:14:28.000000",101602
88,StarkMeet,1267745147011379200,11,319,0,"2020-06-02 09:09:40.000000",173
89,DjBigmyk,407172949,2762,246,0,"2011-11-07 18:49:28.000000",29723
90,widowskairipa,1296529205044416514,855,827,0,"2020-08-20 19:27:28.000000",30866
91,BrandonKatie30,1558240704601755649,1965,2155,0,"2022-08-12 23:55:22.000000",2418
92,Patreadsthenews,468813475,96,495,0,"2012-01-19 23:10:37.000000",14748
93,abhinavgoyal_29,888341522881564672,10,40,0,"2017-07-21 10:14:58.000000",277
94,Im_Archo,1422142187647553540,4,92,0,"2021-08-02 10:28:29.000000",178
95,quarantine_lean,1293267557823254528,0,0,0,"2020-08-11 19:26:40.000000",2
96,KollyUpdates,2546172990,80984,131,0,"2014-06-04 13:49:20.000000",23646
97,MooseJawn__,1344145439747145728,119,93,0,"2020-12-30 04:57:13.000000",377
98,CometsixSim,1283022968,26,97,0,"2013-03-20 11:27:56.000000",4634
99,SHIELDZephyrOne,3134622627,682,4985,0,"2015-04-04 18:20:18.000000",182857
100,SMarvel19,1297157693434560516,201,948,0,"2020-08-22 13:04:43.000000",4121
101,UrstrulyUday99,1025695360214163456,1848,1738,0,"2018-08-04 10:50:05.000000",19434
102,pragnyaprasad,1469386040,214,408,0,"2013-05-30 09:57:32.000000",2575
103,SinghG_B3,1519009882409558016,0,5,0,"2022-04-26 17:46:12.000000",77
104,TheTimesWOW,764896776994205696,894,700,0,"2016-08-14 18:49:37.000000",5796
105,MrPeterLMorris,1288408269497741312,869,303,0,"2020-07-29 09:37:31.000000",12854
106,Trovon_Williams,28968354,943,1190,1,"2009-04-05 10:15:28.000000",23919
107,TheFateGames1,1564990509864681475,182,35,0,"2022-08-31 14:56:50.000000",254
108,dmanish98,1493178081485283329,17,243,0,"2022-02-14 10:59:47.000000",39
109,SandeepLoyalka,823280978,257,106,0,"2012-09-14 13:14:47.000000",17706
110,atulakki8,1161563323189456896,2225,2813,0,"2019-08-14 09:00:51.000000",24808
111,Love4mAdil,1428803363408277504,1228,143,0,"2021-08-20 19:37:30.000000",7278
112,247iamher,990675318158458881,160,200,0,"2018-04-29 19:32:56.000000",158
113,laney3111,25250307,245,1114,0,"2009-03-19 06:24:40.000000",16544
114,ravindra1512,164134400,64,92,0,"2010-07-08 03:34:43.000000",3028
115,PrinceM78356440,1207365077134958599,38,114,0,"2019-12-18 18:20:58.000000",6036
116,Ashutosh150799,922818666210533381,32,301,0,"2017-10-24 13:34:49.000000",73
117,BeingPrabhas7,1562421399775760385,47,558,0,"2022-08-24 12:48:19.000000",1237
118,IAmAwesomAngelo,4644934932,7,132,0,"2015-12-24 19:44:43.000000",299
119,TheTypewriterQ,1442471158780100623,282,846,0,"2021-09-27 12:49:11.000000",3409
120,MuyiwaBraimoh,971064717400829955,222,264,0,"2018-03-06 16:47:24.000000",20571
121,BigScreenTicket,1665745004,11599,318,0,"2013-08-12 18:34:01.000000",103697
122,shamilrocks,589381030,178,512,0,"2012-05-24 19:55:01.000000",574
123,DC_SportsGirl40,414001947,950,985,0,"2011-11-16 14:15:35.000000",2187
124,CV_talks_film,1508931230204629001,34,55,0,"2022-03-29 22:17:25.000000",4707
125,VisualsByVM,1519290263297875968,1,2,0,"2022-04-27 12:20:22.000000",66
126,news3people,1028217517272051712,289,51,0,"2018-08-11 09:52:14.000000",11649
127,Nollie38,18998096,541,1131,0,"2009-01-14 22:01:06.000000",251639
128,MC3377425,745756009,128,92,0,"2012-08-08 19:01:32.000000",49008
129,Keyguardianxtra,1526243127232712705,347,1203,0,"2022-05-16 16:48:26.000000",6197
130,EnergyTopaz,1498730564026880012,85,406,0,"2022-03-01 18:43:36.000000",4044
131,RaverOldskool,1263068742247948288,1410,2762,0,"2020-05-20 11:27:19.000000",78171
132,AbandonedLizard,1293885609946292224,439,2899,0,"2020-08-13 12:22:34.000000",118328
133,xgeeohx,35930986,443,712,0,"2009-04-28 00:55:58.000000",54784
134,quotianiquebaby,743558472512397313,604,1242,0,"2016-06-16 21:38:49.000000",4291
135,Derek_Brink,359710139,253,282,0,"2011-08-22 01:46:17.000000",51964
136,mvi_smooth88,1250496563471933440,240,560,0,"2020-04-15 18:50:06.000000",649
137,rubenavendano,45741403,169,455,0,"2009-06-09 02:29:40.000000",2491
138,OdegaardStephen,1227601399665569792,75,158,0,"2020-02-12 14:32:49.000000",5206
139,theEuropeanGuy,1287325416,103,376,0,"2013-03-22 00:35:31.000000",1941
140,TheOriginal_Leo,24033152,505,652,0,"2009-03-12 20:48:12.000000",17653
141,droosion,234176520,2084,2396,0,"2011-01-05 00:58:09.000000",19630
142,tippie279,104739197,33,74,0,"2010-01-14 07:04:10.000000",2698
143,HarryDred92nd,380499780,925,1021,0,"2011-09-26 19:09:53.000000",34154
144,ScottRulebook22,485584481,447,564,0,"2012-02-07 10:57:07.000000",67857
145,CinemaDave,15333841,182,1039,0,"2008-07-06 16:43:31.000000",14864
146,rptito189,351710713,797,1120,0,"2011-08-09 16:51:38.000000",7411
147,Clevelander85,51333486,132,795,0,"2009-06-27 03:34:48.000000",3956
148,mattsteen14,61795983,596,813,0,"2009-07-31 15:30:28.000000",18313
149,somanatha_taria,1501010677321768964,14,209,0,"2022-03-08 01:47:04.000000",178
150,Deep_tweets18,1417547054474141696,215,377,0,"2021-07-20 18:09:10.000000",1821
151,tabaha_mikhail,2331336396,191,403,0,"2014-02-07 05:17:22.000000",6261
152,comicripspod,1542499038498623489,9,98,0,"2022-06-30 13:23:32.000000",517
153,Vanish_AD,1024678403117666304,21,15,0,"2018-08-01 15:29:03.000000",119
154,Ms_April_U,27339081,250,328,0,"2009-03-29 00:03:07.000000",21967
155,GarrProbert,1261647336637452289,2,16,0,"2020-05-16 13:19:07.000000",27
156,Tjstukes20,1554146309921280000,138,351,0,"2022-08-01 16:45:44.000000",981
157,anna_harutunian,1365394909872721920,44,4,0,"2021-02-26 20:15:00.000000",8
158,Muhamma91464297,1561617647334301698,8,71,0,"2022-08-22 07:34:16.000000",37
159,beeez____,53593196,19911,2541,0,"2009-07-04 04:26:43.000000",211683
160,Sahejpatil1,1533049645748076544,1,39,0,"2022-06-04 11:35:15.000000",136
161,ImRoyal_T,29121372,465,818,0,"2009-04-06 02:06:23.000000",54327
162,TradeBOC,3306396280,31775,372,0,"2015-06-02 05:44:19.000000",38099
163,KcuMedia,1436020480725504000,99,743,0,"2021-09-09 17:35:51.000000",6521
164,Duk3s15,488221470,632,539,0,"2012-02-10 06:43:33.000000",10169
165,rameshlaus,102268884,742180,754,1,"2010-01-06 04:17:52.000000",292301
166,10xBek,2754498993,190,1412,0,"2014-08-29 13:05:15.000000",2659
167,ReginaldAndreas,890952271797866496,75,49,0,"2017-07-28 15:09:09.000000",159
168,The_Madd_HaTer,28652998,147,392,0,"2009-04-03 21:06:30.000000",1395
169,pinata1138,1012785276450689024,13243,14515,0,"2018-06-29 19:50:01.000000",332665
170,4EVERYOUNG12_34,68789374,659,722,0,"2009-08-25 19:50:37.000000",63722
171,20pratyush,897880239346302976,58,194,0,"2017-08-16 17:58:25.000000",877
172,1whoswho,1585781670,147,746,0,"2013-07-11 13:00:17.000000",12714
173,021winston,1050801201221054464,1124,134,0,"2018-10-12 17:31:44.000000",539
174,ShayedSays,185333347,2600,1027,0,"2010-08-31 19:00:02.000000",13028
175,Michael44390149,1071404699910328323,565,1895,0,"2018-12-08 14:02:40.000000",8419
176,RAJEEV26011,1326185103999918081,18,56,0,"2020-11-10 15:29:39.000000",813
177,dwarfcoach,70908851,252,301,0,"2009-09-02 07:37:37.000000",15550
178,NYC_Aggie,2811489781,86,639,0,"2014-09-15 14:54:12.000000",562
179,Ashishcrick,1334455051322966017,24,63,0,"2020-12-03 11:11:21.000000",1252
180,nmandjiny13,1163033283078316033,135,319,0,"2019-08-18 10:22:08.000000",12315
181,SallyMed,57887024,1453,66,0,"2009-07-18 08:10:49.000000",32925
182,Dantromp_,2507994280,895,5000,0,"2014-04-25 09:07:30.000000",90364
183,The__Rewatcher,835664623084896256,13,184,0,"2017-02-26 01:35:46.000000",751
184,meta_hollywood,1456332267820032000,21807,11,0,"2021-11-04 18:47:29.000000",1339
185,WiImerarturo,68201219,463,641,0,"2009-08-23 18:17:17.000000",12419
186,pennypyro,36118898,990,981,0,"2009-04-28 17:05:37.000000",227017
187,Kenozoic,179743476,219,66,0,"2010-08-18 01:02:05.000000",4025
188,hayorqunleh,1010513729136586753,113,392,0,"2018-06-23 13:23:42.000000",1780
189,hopesfxngs,1344398829043535874,21,96,0,"2020-12-30 21:44:27.000000",1156
190,Lilelyy285,1482645014501019648,9,53,0,"2022-01-16 09:25:13.000000",490
191,Movielover455,1266397935039897602,7,322,0,"2020-05-29 15:56:19.000000",5330
192,TylorHyde,532833368,163,214,0,"2012-03-22 04:48:47.000000",1454
193,yourtechboi,1271054910700699648,35,94,0,"2020-06-11 12:21:33.000000",190
194,CeeAnnie82,1037474912544464897,11,33,0,"2018-09-05 22:57:49.000000",431
195,EliOlabode3,467996141,285,240,0,"2012-01-19 02:17:40.000000",23091
196,IamNo_33,311965400,435,828,0,"2011-06-06 11:06:51.000000",77678
197,treedoesstandup,911497982,603,136,0,"2012-10-29 01:32:54.000000",29771
198,Efreet69,5736542,365,309,0,"2007-05-03 10:33:09.000000",125503
199,FoxMacloud,68170959,278,414,0,"2009-08-23 15:50:17.000000",9794
200,teng_semb_fame,1540765049446203394,3,26,0,"2022-06-25 18:33:55.000000",259
201,vpiderman,1177585650,261,215,0,"2013-02-14 03:58:23.000000",9793
202,01Carol01,17178863,415,2187,0,"2008-11-05 02:57:48.000000",10972
203,HippieRonin1620,41895416,398,1309,0,"2009-05-22 20:36:57.000000",7194
204,ssikymkcus,62109927,742,985,0,"2009-08-01 20:20:07.000000",63124
205,abbasiam79,461379711,192,487,0,"2012-01-11 18:56:11.000000",8373
206,irinamllr_,1497923133076127751,2,23,0,"2022-02-27 13:14:51.000000",44
207,mhaithaca,7610582,3725,4933,0,"2007-07-20 14:43:47.000000",88011
208,Christopholus22,243016688,179,829,0,"2011-01-26 03:15:20.000000",21898
209,Maverick_078,1497466848459489280,6,169,0,"2022-02-26 07:01:58.000000",152
210,DanTresOmi,138619586,4575,2644,0,"2010-04-30 02:19:49.000000",586975
211,Meti_Major,985187990891741184,314,352,0,"2018-04-14 16:08:15.000000",3716
212,simonfromland,951040826343346176,44,37,0,"2018-01-10 10:39:37.000000",20
213,JoshErenberg,1850324184,1661,1948,1,"2013-09-10 04:36:18.000000",21096
214,thenickfanclub,1001093201330163713,813,2732,0,"2018-05-28 13:29:53.000000",160077
215,gerrellk43,154069805,255,874,0,"2010-06-10 08:30:21.000000",3244
216,JesseRose21,158613482,362,1122,0,"2010-06-23 04:21:26.000000",1699
217,1015z,299740389,1085,118,0,"2011-05-16 16:15:24.000000",15655
218,livininabikini,848803778098855936,721,658,0,"2017-04-03 07:46:05.000000",11656
219,amitkarn99,439201707,3336,4573,1,"2011-12-17 13:51:03.000000",7839
220,rizwankibaatein,1535519593451896833,5,138,0,"2022-06-11 07:09:44.000000",46
221,castiglionecosp,752732480541634560,163,1748,0,"2016-07-12 05:13:03.000000",4353
222,RealWLDFRE,3182221356,680,3736,0,"2015-05-02 01:26:27.000000",146275
223,Kelseyvv,121563724,316,376,0,"2010-03-09 22:21:23.000000",3402
224,Boogie10Bear,1506040095811379200,88,229,0,"2022-03-21 22:48:49.000000",1908
225,erik_whitfield7,1473305009450373124,2,34,0,"2021-12-21 14:51:36.000000",39
226,VijayShanka6,349068084,32,146,0,"2011-08-05 13:57:29.000000",1166
227,derkrautfresser,1310908419000463360,759,1546,0,"2020-09-29 11:45:05.000000",5029
228,hintsofsuSPENce,800417874384863232,58,298,0,"2016-11-20 19:17:47.000000",4631
229,_snowflakk,2346231680,274,377,0,"2014-02-16 04:32:00.000000",3300
230,_Vedant05,1296080160316223488,1215,930,0,"2020-08-19 13:42:55.000000",12772
231,Bookiew543,46135886,175,203,0,"2009-06-10 15:20:50.000000",19747
232,Odillsonm,908790821960511488,623,297,0,"2017-09-15 20:33:11.000000",26920
233,NRollyKN,1140461204,44,118,0,"2013-02-01 18:51:51.000000",299
234,PHENOMCAWS,3429831761,6767,209,0,"2015-08-18 13:01:24.000000",7145
235,TeddyKGB,1227032316,176,755,0,"2013-02-28 08:30:32.000000",32175
236,TheBoldRj,18910297,346,562,0,"2009-01-12 18:47:58.000000",9179
237,Sanchitvohra4,1268759583633227777,3,82,0,"2020-06-05 04:20:45.000000",46
238,FilmoTimes,1479843880044404736,99,1,0,"2022-01-08 15:54:25.000000",916
239,thatthoughtthat,1489349012633305092,0,23,0,"2022-02-03 21:25:07.000000",7
240,Rivernews736,1501774441478557698,309,72,0,"2022-03-10 04:18:35.000000",961
241,ankitkante,3167605645,10,25,0,"2015-04-22 15:04:28.000000",98
242,dhawalpj,338843562,172,365,0,"2011-07-20 05:22:35.000000",247
243,TamilMurugan8,1536984703504625664,37,840,0,"2022-06-15 08:11:57.000000",3275
244,glamrockfrankie,1324839252383981568,14,83,0,"2020-11-06 22:21:20.000000",4858
245,PasswordChannel,1525040664446001153,21,158,0,"2022-05-13 09:10:14.000000",555
246,CineHutOffl,1453594812561510400,667,27,0,"2021-10-28 05:30:03.000000",10430
247,KKJorwal1,1351160801198022659,23,186,0,"2021-01-18 13:33:50.000000",1064
248,oracle_jonesss,932714592010231813,31,487,0,"2017-11-20 20:57:42.000000",9942
249,shbtz,987346301082853376,394,606,0,"2018-04-20 15:04:36.000000",4133
250,ivicaprvanovic,38292773,1100,1774,0,"2009-05-06 22:23:02.000000",11369
251,wings13757,1387188293742186497,1,27,0,"2021-04-27 23:34:08.000000",19
252,josh_hood_419,451969689,68,1326,0,"2012-01-01 07:44:00.000000",2277
253,its_romanstudio,1363954627281043456,426,1540,0,"2021-02-22 20:51:54.000000",19096
254,PDanceMusic,44468988,2167,1890,0,"2009-06-03 21:58:59.000000",91084
255,Nicolas68859166,1525611824141434883,38,44,0,"2022-05-14 23:00:09.000000",3435
256,The_Dave_DeRose,21673495,58,163,0,"2009-02-23 17:49:46.000000",1756
257,CaptainUltraPr1,1232996235927117825,698,2711,0,"2020-02-27 11:50:06.000000",25996
258,hamzakh08145663,950002885567434752,617,5003,0,"2018-01-07 13:55:12.000000",33652
259,honeyweather,1225023732747395072,63,294,0,"2020-02-05 11:50:09.000000",1158
260,dgct2,52296067,9308,5016,0,"2009-06-30 03:59:47.000000",335334
261,IshaAnand4,2474922577,205,37,0,"2014-05-03 04:07:03.000000",178
262,RameshP_2,1283627709533315072,1009,978,0,"2020-07-16 05:01:23.000000",4596
263,AbrNoh,1097889528944226304,1,5,0,"2019-02-19 16:03:56.000000",12
264,mad_elynj,916827462247505920,10,15,0,"2017-10-08 00:47:55.000000",16
265,Mr_Doughty,187520872,196,385,0,"2010-09-06 13:28:55.000000",4001
266,MoviesTVPolls,923302767669710849,3326,3520,0,"2017-10-25 21:38:28.000000",5646
267,BobbySt66343667,1516768504057409538,50,149,0,"2022-04-20 13:19:49.000000",1656
268,HarleyBarnard4,1534913879255425026,18,0,0,"2022-06-09 15:02:53.000000",15
269,satans_niece,112372152,147,917,0,"2010-02-08 07:38:02.000000",30662
270,Keith_el,58850332,1998,4157,0,"2009-07-21 16:59:15.000000",41671
271,CuptoCupShow,1058374457088192512,1190,4781,0,"2018-11-02 15:05:08.000000",16811
272,starwolf_oakley,842651498,329,993,0,"2012-09-24 00:23:44.000000",45536
273,PrajeshKumar17,939423923321688065,14,177,0,"2017-12-09 09:18:11.000000",56
274,Hammi_jutt19,1458862641573732353,3,10,0,"2021-11-11 18:24:42.000000",69
275,Bdog196,1110654942757470208,99,184,0,"2019-03-26 21:29:08.000000",5994
276,thestarksider,1412400519348310017,54,220,0,"2021-07-06 13:18:34.000000",5775
277,NerdyLadd,1567190150,17,9,0,"2013-07-04 03:04:40.000000",21720
278,maverickn1nja,362363917,187,1024,0,"2011-08-26 08:24:14.000000",39302
279,Neil_Hodgkinson,51850581,143,145,0,"2009-06-28 21:31:28.000000",4192
280,Windegaard,236834560,526,1074,0,"2011-01-11 13:40:48.000000",14469
281,Winf0xtober,1542396174090776577,80,2046,0,"2022-06-30 06:35:00.000000",4278
282,SheSo_Precious,201533780,913,711,0,"2010-10-12 02:00:46.000000",22742
283,JuiceFilmsYT,1342854254093103105,42,48,0,"2020-12-26 15:26:51.000000",1021
284,prisspettigrew,1459502481604554756,2961,4666,0,"2021-11-13 12:45:01.000000",12006
285,_MarkyJames,1348953613,834,39,0,"2013-04-13 10:56:47.000000",4033
286,Triple_D_003,1539899866671099904,4,71,0,"2022-06-23 09:15:38.000000",203
287,Buddyguy_jojo,20495397,253,333,0,"2009-02-10 06:26:08.000000",12170
288,DMac33033,1389461632842092546,102,327,0,"2021-05-04 06:07:36.000000",309
289,Ojglo1,81921583,583,602,0,"2009-10-12 20:32:13.000000",18333
290,samrudh_david,736823705347579905,3664,11,0,"2016-05-29 07:37:15.000000",22556
291,kyleiop,2207593776,649,841,0,"2013-11-21 18:09:23.000000",19198
292,MoviePolls4U,983040963680571393,12017,11286,0,"2018-04-08 17:56:44.000000",28525
293,WesIsWright,1046242648015740929,67,462,0,"2018-09-30 03:37:40.000000",3713
294,AarontheWise,738139568076001280,1075,1195,0,"2016-06-01 22:46:01.000000",39924
295,sminkiie12,787052829328285701,4,75,0,"2016-10-14 22:09:52.000000",2343
296,Jimmy_Crypto87,1539778189,110,219,0,"2013-06-23 00:04:30.000000",897
297,Milkyy00,712989707,197,334,0,"2013-10-13 16:25:26.000000",5648
298,AnthonyH1981,1117571362992705536,1027,80,0,"2019-04-14 23:32:31.000000",134325
299,cloneposter,20895383,1429,495,0,"2009-02-15 05:43:28.000000",281704
300,gqland,149175595,890,1983,0,"2010-05-28 16:17:03.000000",88220
301,TheHashemOnline,1539256837568069632,174,355,0,"2022-06-21 14:40:26.000000",669
302,fanchettes,30542096,159,148,0,"2009-04-11 22:39:29.000000",6674
303,GBBowenford,3114038976,331,3892,0,"2015-03-29 01:31:44.000000",5071
304,_SirLaxAlot,178761733,1789,3916,0,"2010-08-15 16:36:39.000000",82532
305,Maryana29558374,1208454103321452549,221,4111,0,"2019-12-21 18:28:30.000000",29330
306,tsplan11,585145451,184,336,0,"2012-05-19 22:32:52.000000",21927
307,EverythingElese,465500175,230,434,0,"2012-01-16 12:25:32.000000",3209
308,Ashwath_2211,122551420,30,151,0,"2010-03-13 03:10:21.000000",194
309,forrest_summ,1499031031495671812,306,86,0,"2022-03-02 14:38:23.000000",7766
310,jd_de_la_torre,719821741300850689,183,3830,0,"2016-04-12 09:37:31.000000",1218
311,ShinyHatTalks,1343264661941202944,6,138,0,"2020-12-27 18:37:19.000000",750
312,aavishhkar,1448605890,14110,154,0,"2013-05-22 11:05:34.000000",22700
313,Lipox45,1542126426685509634,3,257,0,"2022-06-29 12:42:53.000000",645
314,_adrian_sean,74757836,822,625,0,"2009-09-16 15:33:00.000000",30390
315,AmericanAngel01,44139810,354,1338,0,"2009-06-02 15:34:55.000000",9581
316,Alphiitj,1516317780,315,738,0,"2013-06-14 12:44:51.000000",6457
317,Playmaka34,19941238,399,169,0,"2009-02-02 23:25:33.000000",20028
318,ginny_walker,586976294,2552,5004,0,"2012-05-21 23:43:24.000000",10727
319,Number1ladii,35615932,186,138,0,"2009-04-27 00:39:38.000000",44541
320,HariomSinghHs1,1306611506872639488,9,16,0,"2020-09-17 15:10:44.000000",142
321,gambhirmaamla,516829812,490,830,0,"2012-03-06 19:51:20.000000",10010
322,DirectorRahulRK,1436939416258297857,70,171,0,"2021-09-12 06:27:17.000000",8701
323,zemoxian,16158930,1039,4309,0,"2008-09-06 17:50:33.000000",35556
324,Zamo_Nkanyiso,617259754,246,366,0,"2012-06-24 16:20:27.000000",1802
325,bala_t31,1333089827810471937,23,746,0,"2020-11-29 16:51:01.000000",441
326,RichardCasey,20060642,291,2103,0,"2009-02-04 15:25:14.000000",66622
327,PeterSkywalker3,1159259478858096645,2852,4994,0,"2019-08-08 00:26:12.000000",54962
328,captainaditya2,1022021613804548097,46,153,0,"2018-07-25 07:31:55.000000",1404
329,jNewOrleans,15756836,2851,999,0,"2008-08-06 23:40:38.000000",577597
330,Jess_Gomes95,394682466,368,2126,0,"2011-10-20 13:25:35.000000",9004
331,MrEnterta1nment,104609263,355,311,0,"2010-01-13 21:19:44.000000",75463
332,reeldebaterspod,1103060348691714050,170,338,0,"2019-03-05 22:30:55.000000",1701
333,AmandaBeth4373,1408428570918129668,14,259,0,"2021-06-25 14:15:44.000000",2365
334,AyooHiggz,1352083943743496193,1447,3126,0,"2021-01-21 02:42:15.000000",8386
335,i_am305,513754624,201,484,0,"2012-03-04 00:13:33.000000",5042
336,Floranc90557266,1298230024957571072,1,13,0,"2020-08-25 12:09:02.000000",46
337,GSG_52,805115432,61,284,0,"2012-09-05 18:17:44.000000",7792
338,CalDesertSun,826204277764825088,267,1026,0,"2017-01-30 23:03:44.000000",13339
339,LyleWebsterArt1,1166753252173651968,314,1016,0,"2019-08-28 16:44:42.000000",2369
340,sonikvilla,14951979,1186,2107,0,"2008-05-30 05:27:01.000000",37659
341,HagadornShane,2537185037,1237,1654,0,"2014-05-09 14:58:54.000000",19335
342,big_Meme_boi,791143710239166465,27,119,0,"2016-10-26 05:05:34.000000",419
343,andiminga,15824157,104,401,0,"2008-08-12 16:08:55.000000",56484
344,FromMilhouse,1309836966230462465,267,308,0,"2020-09-26 12:47:32.000000",23207
345,uhohitsbacon,1020706927,358,986,0,"2012-12-18 21:31:32.000000",5586
346,madge_nina,1523459633268068352,149,4,0,"2022-05-09 00:27:48.000000",511
347,screenread,135654302,1650,1218,0,"2010-04-21 22:50:55.000000",36814
348,HeroofLondon,1480315253594406912,103,1814,0,"2022-01-09 23:07:31.000000",3202
349,huggybear_cas,2369314558,48,91,0,"2014-02-27 16:42:48.000000",1431
350,aminbhangu,1143747810,263,286,0,"2013-02-03 00:16:12.000000",15606
351,Alexandra20F1,114249906,6023,5476,0,"2010-02-14 18:13:55.000000",28624
352,GiteshPandya,44292278,21930,8,0,"2009-06-03 04:25:01.000000",15170
353,Sara_Razz,2268100483,15,49,0,"2013-12-30 00:46:45.000000",7598
354,SithTurnedJedi,141177284,281,1324,0,"2010-05-07 11:05:43.000000",19905
355,royalevilregal,1522030019887132672,3,23,0,"2022-05-05 01:47:00.000000",56
356,Fun_Random_Poll,1357737533749223427,1116,913,0,"2021-02-05 17:07:18.000000",9830
357,Crafte131,1209144437449867265,14,7,0,"2019-12-23 16:12:01.000000",7379
358,Doberdowney,2172667193,416,943,0,"2013-11-07 21:55:44.000000",6278
359,hannahdrake42,161332101,347,391,0,"2010-06-30 15:39:57.000000",21238
360,ItoriOfficial,1519104817305587712,4,85,0,"2022-04-27 00:03:21.000000",152
361,markhughesfilms,300548556,19162,6490,1,"2011-05-17 23:25:12.000000",172184
362,shroobery,1362126432319733760,1767,110,0,"2021-02-17 19:47:13.000000",7781
363,equstryan14,2329312548,482,1093,0,"2014-02-05 20:27:02.000000",11546
364,vixenbellezza,1505103938479087617,4,23,0,"2022-03-19 08:48:53.000000",201
365,BowserTheChild,1061225065889574913,42,408,0,"2018-11-10 11:52:27.000000",2346
366,Aaanjaneya,1057301362579361793,76,705,0,"2018-10-30 16:01:03.000000",2227
367,bohra_ishaan,820264993891328000,11,124,0,"2017-01-14 13:43:09.000000",580
368,Janelle90390576,1334299549507219456,10,22,0,"2020-12-03 00:53:28.000000",912
369,sethreid48,2938639488,58,89,0,"2014-12-21 22:27:04.000000",2182
370,arefiqzul,544092976,413,347,0,"2012-04-03 08:22:56.000000",16353
371,doodlebugsie,3179795085,535,874,0,"2015-04-18 15:49:35.000000",4899
372,a_sujal_9,1457734279547416584,0,6,0,"2021-11-08 15:39:02.000000",7
373,TheStudent91,740917569142566913,1116,1065,0,"2016-06-09 14:44:49.000000",8772
374,KalyanSom4,1290280554634518528,1533,1099,0,"2020-08-03 13:37:25.000000",70127
375,jenna__wirth,1733113722,243,844,0,"2013-09-05 21:29:30.000000",2665
376,M4RVELISMS,1480994434124820483,8,41,0,"2022-01-11 20:06:16.000000",235
377,mashterwrldwide,1538956763709456385,12,33,0,"2022-06-20 18:47:50.000000",65
378,EJL_OW,965660262375321603,26,146,0,"2018-02-19 18:52:02.000000",724
379,ImAlokSah,422494258,52,266,0,"2011-11-27 09:54:23.000000",2030
380,JeffGreeneLearn,1225704307,4068,1648,0,"2013-02-27 17:52:13.000000",12338
381,SophiaLee42,1311142221949726722,364,336,0,"2020-09-30 03:14:07.000000",12362
382,BookishDishu,293482115,211,453,0,"2011-05-05 12:38:11.000000",29907
383,6xhul,1249455830094626816,65,35,0,"2020-04-12 21:54:31.000000",726
384,susanrofficial,1286861455460110336,12,163,0,"2020-07-25 03:11:22.000000",549
385,28Tomlinson1994,1503455474368368644,1,24,0,"2022-03-14 19:38:21.000000",150
386,9plus1equals10,1298502200851865603,844,1910,0,"2020-08-26 06:07:26.000000",5173
387,Optimus20204221,1425360361717342215,9,19,0,"2021-08-11 07:36:24.000000",910
388,EddieVolkman,19154887,4382,3589,0,"2009-01-18 19:35:14.000000",17882
389,tiffanyrenee99,22357664,295,2064,0,"2009-03-01 12:17:01.000000",7717
390,kchapin13,1249753981,331,3654,0,"2013-03-07 18:23:03.000000",3536
391,valasek_daniel,3377223161,116,1037,0,"2015-07-15 12:04:25.000000",1989
392,midwestsuzie2u,1216901220096409601,174,490,0,"2020-01-14 01:54:09.000000",6704
393,thesportmix_,1469677453010341892,4,35,0,"2021-12-11 14:37:09.000000",52
394,TheDiscFather,1222575429724192769,11851,588,0,"2020-01-29 17:41:24.000000",3825
395,the_hybrid_soul,723922335552679936,318,829,0,"2016-04-23 17:11:49.000000",3918
396,Bold_Lunacy,1036790072702627840,1303,2572,0,"2018-09-04 01:36:30.000000",2677
397,mand_m99,1138661910939934720,274,726,0,"2019-06-12 04:18:49.000000",5039
398,marvelsmode,1536369981214101506,30,84,0,"2022-06-13 15:28:53.000000",153
399,m_idiotic,1224660063148630016,4659,193,0,"2020-02-04 11:44:55.000000",62874
400,MustangLease,1229608423194595328,10,134,0,"2020-02-18 03:28:12.000000",1167
401,gatortakes,79354408,820,1709,0,"2009-10-03 02:39:07.000000",22967
402,itsmyyyname,1523856537982173184,523,252,0,"2022-05-10 02:45:13.000000",17882
403,TheSamMenke,1159241910214635523,34,46,0,"2019-08-07 23:16:23.000000",572
404,Ish_Catchem,332550378,955,851,0,"2011-07-10 01:01:25.000000",58820
405,AnthonyCap0815,1526841816254926849,1233,2021,0,"2022-05-18 08:27:24.000000",1781
406,AfiCherise,309388445,398,424,0,"2011-06-02 00:53:04.000000",5939
407,msayibu1,1271166937876377602,889,710,0,"2020-06-11 19:47:21.000000",17642
408,NJL84,243001848,267,600,0,"2011-01-26 02:28:20.000000",16678
409,DrMovieGuy1,1132828573033738240,139,1002,0,"2019-05-27 01:59:13.000000",2757
410,UTD_Merchant,1446913881763454981,524,440,0,"2021-10-09 19:02:21.000000",18748
411,Los_Stuff,3260291756,23238,11188,0,"2015-06-29 19:54:03.000000",75086
412,DruNitti,16019123,198,697,0,"2008-08-27 23:08:31.000000",23711
413,HRHStillStacie,511051520,6141,6210,0,"2012-03-01 23:45:32.000000",414041
414,ironone9,19786000,1143,1563,0,"2009-01-30 20:18:46.000000",52988
415,Marvel0st,1428555489068126218,143,1691,0,"2021-08-20 03:12:37.000000",9208
416,BrunskillJosh,2844102395,191,429,0,"2014-10-25 19:11:27.000000",360
417,CANeelkamal,1395055208011505666,883,491,0,"2021-05-19 16:34:42.000000",475
418,wordnoodlenerd,866428070332387328,727,2858,0,"2017-05-21 22:58:44.000000",6090
419,242queen404,2195854563,173,205,0,"2013-11-25 18:30:18.000000",3033
420,al_jufaili,99737334,4979,447,0,"2009-12-27 16:32:12.000000",16368
421,Attitudist,3458543421,5225,1177,0,"2015-08-27 14:38:20.000000",108356
422,donny_ibnu,1107919695099781123,147,1709,0,"2019-03-19 08:20:14.000000",13421
423,rizanabdulsalam,1480930889831964689,36,71,0,"2022-01-11 15:53:43.000000",98
424,_grannyshay,393665485,1159,2026,0,"2011-10-18 21:53:07.000000",147358
425,slimzeeUTD,385261732,1041,3068,0,"2011-10-05 05:22:23.000000",16035
426,LykanHyperAgent,1425238755171094531,1112,4993,0,"2021-08-10 23:33:30.000000",4394
427,StormyVNV,799531411,33952,29039,0,"2012-09-03 03:20:42.000000",520165
428,EWoods66,1355430103,289,645,0,"2013-04-15 21:46:27.000000",13677
429,Socialitekidd,24292547,1095,3572,0,"2009-03-14 00:34:09.000000",52150
430,d_speeder,774651947769028608,46,23,0,"2016-09-10 16:53:11.000000",19991
431,BerMEWdez,600576470,2289,1072,0,"2012-06-06 01:35:14.000000",267376
432,WallaceConquers,1035540356903956480,359,388,0,"2018-08-31 14:50:35.000000",33160
433,The602Club,3281868726,291,306,0,"2015-07-17 00:42:30.000000",4003
434,MoonBBYCapQueen,1245049573397032960,70,95,0,"2020-03-31 18:05:37.000000",1112
435,out_ely,1321667523117522944,159,153,0,"2020-10-29 04:17:59.000000",27647
436,rebelaxcy,173892384,86,40,0,"2010-08-02 16:33:13.000000",8830
437,iTheExcalibur_,1510547827331514371,890,524,0,"2022-04-03 09:20:57.000000",11537
438,__tiaNOtamera,80996568,3642,3210,0,"2009-10-09 01:35:49.000000",97181
439,Shatu_xx,1387464467999567872,1212,1138,0,"2021-04-28 17:54:07.000000",1994
440,49ersandFamily,757360350572449792,248,431,0,"2016-07-24 23:42:33.000000",4082
441,yankeesnapper1,213006595,224,613,0,"2010-11-07 18:04:33.000000",2716
442,david43ni,1028306271626321920,86,518,0,"2018-08-11 15:44:54.000000",16015
443,MoeChanda,1371596388,25529,18492,0,"2013-04-22 08:28:36.000000",70266
444,_jebist,777314204818743296,78,97,0,"2016-09-18 01:12:03.000000",2858
445,ARDER69,1441447809203380225,7,109,0,"2021-09-24 17:02:17.000000",1638
446,mikeyhawbaker,2272032251,263,494,0,"2014-01-10 02:20:17.000000",2455
447,MLuckyyyy,1220698605096357889,84,208,0,"2020-01-24 13:23:45.000000",3218
448,MattTheCatania,3074190323,1471,1961,0,"2015-03-06 05:35:42.000000",12532
449,CreativeT_Art,1026812402451406849,755,4352,0,"2018-08-07 12:48:48.000000",17184
450,PakuPakis522,1525617429468282880,1,76,0,"2022-05-14 23:22:25.000000",234
451,ourmovienews,1355523359459733508,4108,198,0,"2021-01-30 14:29:02.000000",5435
452,PopKannon,762725087845855232,1388,1339,0,"2016-08-08 19:00:06.000000",14804
453,ballpark_frank,22456831,1718,2632,0,"2009-03-02 05:49:03.000000",168897
454,YannickMsonge1,987579097923620865,70,142,0,"2018-04-21 06:29:40.000000",4434
455,jackraygun,20538991,467,222,0,"2009-02-10 19:46:46.000000",9579
456,onakuale,1023988998,1038,231,0,"2012-12-20 10:42:38.000000",1149
457,callienigro6351,766411157490003968,5,107,0,"2016-08-18 23:07:14.000000",83
458,MariaMjrl,352251308,164,305,0,"2011-08-10 10:44:52.000000",2265
459,REDhot_14,437176062,163,203,0,"2011-12-15 03:04:48.000000",16577
460,daddariobbie,262630330,372,426,0,"2011-03-08 12:39:44.000000",25840
461,ofnorthvalley,128882992,950,852,0,"2010-04-02 13:53:10.000000",19675
462,JakeBrousek,495306832,195,300,0,"2012-02-17 20:37:27.000000",1233
463,tomato_savior,1467271900976009221,32,99,0,"2021-12-04 23:17:47.000000",962
464,jr_lagasca,326601061,48,256,0,"2011-06-30 05:21:45.000000",1836
465,VGLICIOUS_,57913034,1094,37,0,"2009-07-18 11:33:39.000000",167317
466,anthonyin3D,169600310,150,490,0,"2010-07-22 18:43:09.000000",2909
467,filmybullet,854931397491908609,290,454,0,"2017-04-20 05:35:03.000000",5233
468,STCChristopher,129959463,410,1223,0,"2010-04-05 22:44:11.000000",16881
469,Insulter3730010,967671566036189184,242,11,0,"2018-02-25 08:04:14.000000",2245
470,moviehowler,1016115789026377734,190,234,0,"2018-07-09 00:24:17.000000",7799
471,brewers_GM,516151794,284,382,0,"2012-03-06 03:39:09.000000",23942
472,Bernard69872192,1522850113441337344,168,4,0,"2022-05-07 08:05:46.000000",88
473,JaYmEx616,155493550,89,74,0,"2010-06-14 08:32:34.000000",3417
474,RagzMaj,1496677463098736647,21,48,0,"2022-02-24 02:45:05.000000",1217
475,Noelle_trans,1495912150040256513,19,32,0,"2022-02-22 00:03:52.000000",233
476,Francis38185889,1523265729176420358,77,3,0,"2022-05-08 11:37:17.000000",31
477,HersIsAnEmpire,1191696578190487553,38,66,0,"2019-11-05 12:39:57.000000",593
478,SeveringFayth,548135436,2207,1088,0,"2012-04-08 01:49:25.000000",252824
479,Crinos9,1373565364261416961,14,88,0,"2021-03-21 09:21:32.000000",172
480,thrashntreasure,609130145,392,1243,0,"2012-06-15 14:08:09.000000",16713
481,SULII42,1473951024381669377,9,15,0,"2021-12-23 09:38:12.000000",91
482,v_enkat70,1139544161277730816,102,1190,0,"2019-06-14 14:44:34.000000",1411
483,RyanLeger2,1090535526,1168,5002,0,"2013-01-15 00:11:20.000000",25679
484,jule719,2717728264,336,871,0,"2014-07-19 12:04:42.000000",10873
485,Catheri52216496,1522865538892021761,25,74,0,"2022-05-07 09:07:05.000000",34
486,CrystallCocaine,405314901,792,467,0,"2011-11-05 04:26:16.000000",38208
487,newstoastonish,387859991,456,301,0,"2011-10-09 19:58:15.000000",22109
488,Viktor90722967,1522558700069822464,12,71,0,"2022-05-06 12:47:48.000000",82
489,senseofhomecle,909805096896262144,75,397,0,"2017-09-18 15:43:33.000000",1111
490,DaryleLSmith,382952307,11788,9123,0,"2011-10-01 00:30:05.000000",96671
491,TVerse82,109741821,257,426,0,"2010-01-30 03:06:42.000000",10265
492,acavelli23,456279359,229,401,0,"2012-01-06 02:28:51.000000",4535
493,mojovelii,834888091395633154,326,162,0,"2017-02-23 22:10:07.000000",13318
494,SnookyDoWork,543878518,604,438,0,"2012-04-03 01:34:38.000000",25202
495,eva_arizona,3232999926,162,748,0,"2015-06-02 01:36:03.000000",3756
496,milo2120,30079978,536,669,0,"2009-04-09 22:07:11.000000",18209
497,ToxicGuyOnline,1526514858237186048,2,0,0,"2022-05-17 10:48:06.000000",910
498,infstarwarsglxy,1479641220817334277,35,129,0,"2022-01-08 02:29:01.000000",821
499,AshokOfficial_,4838596970,1710,18,0,"2016-01-31 06:28:01.000000",175687
500,omotayodurojaiy,3260399918,76,75,0,"2015-06-29 21:01:30.000000",351
501,KarlitoRichII,1941878762,117,274,0,"2013-10-06 19:45:32.000000",7059
502,Caritoevans21,516704886,993,1019,0,"2012-03-06 17:27:16.000000",148459
503,ZcraftElite,1489356301968842760,92,437,0,"2022-02-03 21:53:16.000000",1479
504,hiteshchauhannn,1334387234984738816,71,46,0,"2020-12-03 06:42:14.000000",113
505,HollyJen86,1545484351,676,815,0,"2013-06-25 11:14:17.000000",10940
506,darkwingj,37054858,2813,1722,0,"2009-05-01 21:59:50.000000",135815
507,ItsAryanKS,1518115354253406209,1,25,0,"2022-04-24 06:31:41.000000",126
508,childishxbreezy,133275754,1835,295,0,"2010-04-15 13:00:06.000000",66011
509,hannahromanovah,1402098800366288898,2067,5000,0,"2021-06-08 03:03:13.000000",31760
510,Siscelia_,1521538386057732103,5,8,0,"2022-05-03 17:13:24.000000",21
511,NtrslyNerdyPod,1422628665544818691,1248,1732,0,"2021-08-03 18:41:28.000000",2795
512,JDsNotNice,16491919,147,149,0,"2008-09-27 22:26:59.000000",19109
513,armanfferrer,1320725569042968577,26723,394,0,"2020-10-26 13:54:58.000000",4392
514,s3xGangster,1161413441233534977,13,10,0,"2019-08-13 23:05:17.000000",137
515,HEELCamaro,818720997960458240,2474,913,0,"2017-01-10 07:27:51.000000",28945
516,areyouyash,106583624,173,42,0,"2010-01-20 01:16:51.000000",605
517,Ready_4_Bed,15181597,143,694,0,"2008-06-20 16:38:42.000000",9685
518,annali_jacobs,774674872224010240,1513,590,0,"2016-09-10 18:24:17.000000",24624
519,graysonsupes,1276818855701041153,22,138,0,"2020-06-27 10:05:25.000000",2760
520,onlydans159,1226961413203267584,52,25,0,"2020-02-10 20:09:39.000000",282
521,salem_dweeb,947520919005736961,46,167,0,"2017-12-31 17:32:45.000000",791
522,igoforthehead,1320754355348279296,5,69,0,"2020-10-26 15:49:37.000000",153
523,IssaKhalidA,712555945767862272,663,1978,0,"2016-03-23 08:25:50.000000",32178
524,Reginal50221163,1519349382293954563,109,5,0,"2022-04-27 16:15:09.000000",50
525,monkey_021,1358586590432428033,2,26,0,"2021-02-08 01:21:13.000000",163
526,j_v_filipe,1504127146591236100,5,9,0,"2022-03-16 16:07:28.000000",7
527,GreatTaylorFace,805173020243283968,24,307,0,"2016-12-03 22:13:02.000000",227
528,RomantheAccuser,391594572,166,510,0,"2011-10-15 20:29:04.000000",4601
529,BobSimp11,1440792172945575936,33,93,0,"2021-09-22 21:36:49.000000",350
530,Math_San1,1238673850063360000,27,1196,0,"2020-03-14 03:50:43.000000",83
531,aswidhafm,282981664,381,356,0,"2011-04-16 10:02:50.000000",74584
532,EmmaLoveTae,1336617631651000324,127,673,0,"2020-12-09 10:24:32.000000",63856
533,whyrahim,1404491398322135052,5,16,0,"2021-06-14 17:31:02.000000",14
534,_Bimpong,1907790014,152,343,0,"2013-09-26 12:44:55.000000",1373
535,paniini22,1517649431130161152,70,28,0,"2022-04-22 23:40:52.000000",704
536,bellerose013,1392228421,146,223,0,"2013-04-30 14:35:08.000000",1141
537,MaxwellMercy,28872575,3011,4998,0,"2009-04-04 21:18:06.000000",44672
538,koehn_kadean,4890523812,108,912,0,"2016-02-11 02:04:49.000000",2611
539,EclipseTurncoat,1148106717957279744,41,68,0,"2019-07-08 05:49:07.000000",3261
540,MaxSridhar,1230483392979857408,7,20,0,"2020-02-20 13:24:49.000000",189
541,AfjalKh35729224,1080503956789325824,15,35,0,"2019-01-02 16:39:52.000000",141
542,blueshirtbii,1441278538250784769,325,929,0,"2021-09-24 05:49:29.000000",5821
543,LucidEternity,958842038346309634,70,244,0,"2018-01-31 23:18:51.000000",4962
544,YourAuntySocial,2533496557,1164,779,0,"2014-05-29 21:57:34.000000",5205
545,JohnErickson107,56952427,4087,2247,0,"2009-07-15 07:09:36.000000",76609
546,ijeetyou,805347654779736064,537,454,0,"2016-12-04 09:46:58.000000",2977
547,ShowImproveNow,2788422131,303,478,0,"2014-09-28 03:39:46.000000",23487
548,Sirenhead_Maaz,1440691604151357457,41,189,0,"2021-09-22 14:57:12.000000",3464
549,rafieedruce,49279525,2150,3258,0,"2009-06-21 09:39:01.000000",31305
550,MrAidanGoatley,106536914,2006,378,0,"2010-01-19 21:59:05.000000",35690
551,zilexte,1519113517244289026,0,47,0,"2022-04-27 00:38:48.000000",7
552,MikenotStrahan,37121193,3367,1067,0,"2009-05-02 02:52:24.000000",78658
553,I_Am_Purva,590913061,5064,2736,0,"2012-05-26 13:18:12.000000",22100
554,Russel_Olaf,4886815547,1686,686,0,"2016-02-08 04:55:52.000000",5347
555,_VishalKumar18_,1511712782315843589,3,150,0,"2022-04-06 14:30:04.000000",19
556,rprez2012,49248817,1053,4913,0,"2009-06-21 06:03:18.000000",93021
557,walkingatmrdp,934616227,2854,1425,0,"2012-11-08 14:17:30.000000",132398
558,9278247,448849206,408,2391,0,"2011-12-28 12:54:33.000000",6647
559,HsnShayk,1493305547700912131,2,283,0,"2022-02-14 19:26:13.000000",54
560,jboothmillard,256258370,2918,2918,0,"2011-02-23 00:11:27.000000",30334
561,safroonlite,1504177228879306753,343,2800,0,"2022-03-16 19:26:21.000000",15922
562,DrAmeetThanky,2271681349,204,956,0,"2014-01-01 14:02:47.000000",15617
563,MFXOMS,38928205,829,386,0,"2009-05-09 21:07:56.000000",42031
564,sweatboxprogram,106781614,1451,4343,0,"2010-01-20 17:37:25.000000",47912
565,TTVStick95,966901034453909510,393,396,0,"2018-02-23 05:02:25.000000",4362
566,NishchayRaorane,1239412906539642881,4,43,0,"2020-03-16 04:47:28.000000",6
567,theworthyrovax,1284810411410436096,17,175,0,"2020-07-19 11:21:00.000000",686
568,bastian_barnes,1312420653685858312,79,93,0,"2020-10-03 15:54:18.000000",345
569,KofiKyei__,1062805207,3358,1413,0,"2013-01-05 11:32:38.000000",116321
570,CS_ReviewGuy,1391826728918597635,2,87,0,"2021-05-10 18:45:55.000000",310
571,AmaizenT,84201432,388,330,0,"2009-10-22 00:43:44.000000",92307
572,MrDhaniyala,1386274443937288192,19,356,0,"2021-04-25 11:02:48.000000",2344
573,LilShakei,206333405,496,3224,0,"2010-10-22 19:03:34.000000",13525
574,MrDarksMayhem,257621819,329,1236,0,"2011-02-25 20:41:55.000000",18792
575,TownsleyJayne,1310563495235203072,144,177,0,"2020-09-28 12:54:30.000000",12004
576,VaibaVsnt,718699381508059136,77,215,0,"2016-04-09 07:17:40.000000",1299
577,yollandasv__,1498685297177300994,7,52,0,"2022-03-01 15:43:37.000000",15
578,Amith713,1507604083557150723,1510,1641,0,"2022-03-26 06:24:28.000000",13652
579,iamrexjoe,1512106453683019780,19,0,0,"2022-04-07 16:34:28.000000",197
580,Notthatgooodboy,1286384863327580160,40,26,0,"2020-07-23 19:37:15.000000",1460
581,BreakingViews4u,139639456,23655,1831,0,"2010-05-03 06:58:55.000000",94397
582,CineSafari,756803977245667329,1414,158,0,"2016-07-23 10:51:43.000000",14070
583,SSTweeps,1718448762,99163,286,0,"2013-09-01 09:39:00.000000",15376
584,EmiyaRavenus,1291185302959095811,32,398,0,"2020-08-06 01:32:31.000000",5931
585,drherak,23306718,471,691,0,"2009-03-08 13:13:47.000000",3770
586,Forum_Reelz,3072970044,48524,576,0,"2015-03-11 11:45:05.000000",29488
587,HU_blog_EN,1470373812218834955,13,162,0,"2021-12-13 12:43:40.000000",171
588,Rowdystrange,1153248301413613568,1367,408,0,"2019-07-22 10:19:56.000000",23274
589,angelchenn_,1273209131831181314,1561,74,0,"2020-06-17 11:01:39.000000",16048
590,MyNameMEDIA,1517404689847177216,19,3,0,"2022-04-22 07:28:24.000000",220
591,ImArjunAsok,757070131537129472,2046,1287,0,"2016-07-24 04:29:19.000000",27892
592,HarlosWilliam,1516460918368083978,12,28,0,"2022-04-19 16:57:35.000000",23
593,1217sasquatch,1456762029339971594,36,46,0,"2021-11-05 23:15:24.000000",282
594,HeyItsBrxce,959728259377152000,64,183,0,"2018-02-03 10:00:22.000000",483
595,SnobbyGyrl,65957123,1321,1752,0,"2009-08-15 19:11:17.000000",150545
596,Movies4u_Officl,1355398400942895105,5076,14,0,"2021-01-30 06:12:34.000000",16566
597,casey_mortimer,1771841054,327,548,0,"2013-09-07 20:05:36.000000",5927
598,superwoman513,86214703,401,866,0,"2009-10-30 01:41:24.000000",11578
599,GeorgiaFifield2,4033139404,41,293,0,"2015-10-24 17:31:38.000000",309
600,QG_lamaine,1069670440745033728,1588,3401,0,"2018-12-03 19:11:21.000000",5876
601,bibiwifeyy,1502405460175032323,22,117,0,"2022-03-11 22:06:45.000000",3048
602,NeerajSharman77,869159676113498112,0,55,0,"2017-05-29 11:53:09.000000",65
603,linklooklisten,55741269,200,956,0,"2009-07-11 03:02:56.000000",13609
604,Gilliantelling,14465682,1779,1339,0,"2008-04-21 19:15:45.000000",2390
605,rynolds_m,3100093508,150,45,0,"2015-03-20 19:00:46.000000",39350
606,Real_RZeroB,1132026400561610754,663,839,0,"2019-05-24 20:51:40.000000",5726
607,MusukwaHastings,1510290305886654472,0,0,0,"2022-04-02 16:17:42.000000",66
608,cosmovsgoku,269596736,217,332,0,"2011-03-21 02:59:41.000000",15229
609,B_O_Bollywood,3254106157,862,1,0,"2015-06-23 23:25:16.000000",2130
610,StuBlaDo,1358190326842757121,64,273,0,"2021-02-06 23:06:48.000000",2487
611,csc95020,868575726038953984,27,0,0,"2017-05-27 21:12:45.000000",7855
612,mrkx1221,24327400,401,2661,0,"2009-03-14 04:20:05.000000",21452
613,TWLG_88,452368800,577,192,0,"2012-01-01 19:21:09.000000",84371
614,murpdude,1480955121383219201,9,142,0,"2022-01-11 17:30:08.000000",858
615,freefvlling,1458043111225978883,1136,124,0,"2021-11-09 12:05:56.000000",24514
616,MariusFrost11,1512947578450718720,129,162,0,"2022-04-10 00:16:43.000000",3253
617,JustNickisFine,1476256155399856128,36,793,0,"2021-12-29 18:18:21.000000",69
618,Im_RahulSharma,2451543571,1820,184,0,"2014-04-18 15:31:18.000000",2236
619,BorasteYatin,1102056341244428288,108,590,0,"2019-03-03 04:01:21.000000",285
620,ScorpiusLord,1420814666004058113,10,52,0,"2021-07-29 18:33:20.000000",1557
621,yelmirivas,1230393143742218241,30,91,0,"2020-02-20 07:26:11.000000",572
622,zingtv,17701543,331620,279,1,"2008-11-28 06:41:48.000000",22465
623,_AxReign,1491524487149355008,95,151,0,"2022-02-09 21:28:53.000000",242
624,LilyYansane,363481613,190,127,0,"2011-08-28 04:39:40.000000",7973
625,tabulacarat_,980163285579419649,399,741,0,"2018-03-31 19:21:52.000000",95708
626,Helen_Thalia,193568674,569,256,0,"2010-09-22 04:04:35.000000",62954
627,euniceindaeyooo,537880928,1464,2454,0,"2012-03-27 05:37:41.000000",193195
628,kjanielle79,752549096,158,722,0,"2012-08-12 05:43:34.000000",2645
629,MiraiCostumery,1427966897170100225,11,46,0,"2021-08-18 12:13:40.000000",1326
630,vashim777,1009623948454068224,2233,1707,0,"2018-06-21 02:28:01.000000",140710
631,LazoOneHundred,1511132626823884802,46,91,0,"2022-04-05 00:18:54.000000",1828
632,skycallie_,95549071,1927,1360,0,"2009-12-09 01:46:45.000000",64882
633,AceOfThorns,1194047436,68,267,0,"2013-02-18 17:23:27.000000",10068
634,BlerdU,1004623772152762368,154,257,0,"2018-06-07 07:19:07.000000",1072
635,tnkid97,2311443636,708,493,0,"2014-01-26 07:45:09.000000",35809
636,MichaelChase97,360620531,235,605,0,"2011-08-23 14:08:19.000000",12427
637,Philip_James_16,261282072,228,330,0,"2011-03-05 16:49:16.000000",5244
638,AbGeorge_,1293600573195984900,15275,487,0,"2020-08-12 17:30:19.000000",16162
639,vijithbhargav,385837200,587,1014,0,"2011-10-06 06:48:12.000000",4221
640,TheNerdsLoft,1509950362903617538,47,155,0,"2022-04-01 17:47:54.000000",438
641,Nouha_29,1104613276640526336,22,135,0,"2019-03-10 05:21:42.000000",305
642,esteban1972,54916763,7543,2614,0,"2009-07-08 14:49:04.000000",54308
643,rebeccaarubin,264576789,3593,603,1,"2011-03-12 03:48:01.000000",7297
644,AllAboutFKK,3252804697,1334,698,0,"2015-06-22 14:18:44.000000",9159
645,Mars_Pathi,835697455878533121,1896,1613,0,"2017-02-26 03:46:14.000000",12068
646,TheDanRichards2,1365491466873827331,26,26,0,"2021-02-27 02:38:47.000000",4373
647,Ridds_chauhan,1398253387200614400,1075,1032,0,"2021-05-28 12:22:52.000000",2750
648,JamieMoviesTV,802452614885543936,480,790,0,"2016-11-26 10:03:07.000000",33664
649,Sathish_Vj1,772688036526120960,1057,946,0,"2016-09-05 06:49:18.000000",117773
650,shaunyb29,1548231426,422,184,0,"2013-06-26 13:53:28.000000",918
651,Bhoomishbanewal,1582879112,60,148,0,"2013-07-10 11:23:43.000000",6877
652,CaptainAloysius,1483457559692718084,4,41,0,"2022-01-18 15:13:51.000000",639
653,Sridharx28,1518971848364785664,7,59,0,"2022-04-26 15:14:59.000000",18
654,supersls,1466640643845857286,0,1,0,"2021-12-03 05:29:24.000000",33
655,ekjXFDANkFIwlmG,992002722168651776,33,63,0,"2018-05-03 11:27:34.000000",1889
656,kings_gambit4,86351947,201,311,0,"2009-10-30 16:55:18.000000",4211
657,ChrisOverby17,1253064331484213248,26,278,0,"2020-04-22 20:53:19.000000",2244
658,krisellevllamas,98037204,82,124,0,"2009-12-20 03:18:37.000000",2276
659,velasjas,1105375908,447,154,0,"2013-01-20 04:47:55.000000",43085
660,mcufamily,1000883437702557696,144,101,0,"2018-05-27 23:36:21.000000",3639
661,BethanyEricson,1429481215,27,63,0,"2013-05-15 03:49:59.000000",471
662,RyGuyLV,823236307207884800,213,307,0,"2017-01-22 18:30:05.000000",2267
663,sudhisingh10100,3328764612,28,55,0,"2015-08-24 14:46:12.000000",556
664,LuminiciousYogi,4918906500,248,461,0,"2016-02-17 02:40:24.000000",6804
665,iHarishBhardwaj,110637360,95,258,0,"2010-02-02 07:16:49.000000",10969
666,Riverseyed,1474757170570870785,15,30,0,"2021-12-25 15:01:39.000000",177
667,marykatefolan,969236305,1556,446,0,"2012-11-25 02:40:11.000000",42294
668,ImRossonerian,1488755732241879042,193,485,0,"2022-02-02 06:06:59.000000",1943
669,yosoysideegg,15216213,1419,776,0,"2008-06-24 05:20:14.000000",69170
670,Magana_Karina,613922208,271,312,0,"2012-06-20 23:15:59.000000",16269
671,TFighterv2,1064309004409716736,13,148,0,"2018-11-19 00:06:55.000000",1463
672,GiullianaSandi,1071562900089790464,52,319,0,"2018-12-09 00:31:18.000000",5263
673,yeahitzalex,504006178,5677,1669,0,"2012-02-26 04:49:57.000000",44109
674,KikiLemonCookie,1277015666017685504,25,213,0,"2020-06-27 23:07:47.000000",4522
675,RockyyJermaine,164406810,842,558,0,"2010-07-08 20:16:41.000000",40511
676,impalergeneral,39118718,505,657,0,"2009-05-10 21:49:43.000000",52532
677,beemerw21,1537789928,214,1076,0,"2013-06-22 02:45:26.000000",23410
678,ArtfuldRvw,1306497047407849472,2,26,0,"2020-09-17 07:35:53.000000",292
679,FarhaanNazir,2358039064,93,2,0,"2014-02-22 06:44:21.000000",6015
680,theajenelle,1403230936846639109,708,60,0,"2021-06-11 06:01:49.000000",14285
681,dxllard,1329278482136899584,383,207,0,"2020-11-19 04:21:23.000000",899
682,HWGASwift,1239764570413170688,628,657,0,"2020-03-17 04:04:50.000000",7998
683,jonshonesttakes,1028070058009001985,28,300,0,"2018-08-11 00:06:17.000000",3015
684,andrew7466,91900608,181,614,0,"2009-11-23 00:27:35.000000",6374
685,desiibaez,158990059,678,422,0,"2010-06-24 04:46:30.000000",23035
686,MrStarkJr,742087820051910656,810,711,0,"2016-06-12 20:14:58.000000",80519
687,OfiicialJordz_,1341494569989496839,10,287,0,"2020-12-22 21:23:36.000000",1389
688,LegendaryMemes5,1223068385996656640,66,114,0,"2020-01-31 02:20:19.000000",1337
689,common_wishbone,709365397548507136,282,1019,0,"2016-03-14 13:07:44.000000",12715
690,DunlopTracey,2842720024,3617,4182,0,"2014-10-24 18:08:27.000000",12706
691,bttooley,1455278285181554692,6,39,0,"2021-11-01 20:59:38.000000",12
692,24Xero,37797978,2153,2384,0,"2009-05-04 23:52:40.000000",16177
693,jasonistrending,329236619,508,562,0,"2011-07-04 19:01:36.000000",28329
694,KartoonsKatch,1060907080125763589,509,4980,0,"2018-11-09 14:48:53.000000",27492
695,MrOfficial070,1106240457510666242,11,95,0,"2019-03-14 17:07:32.000000",2875
696,Favi_yo,14520050,336,1121,0,"2008-04-25 00:22:21.000000",11914
697,ModernMonk2,1507647333793935375,13,32,0,"2022-03-26 09:16:35.000000",1440
698,__Spider__Boy__,1331687316704804864,18,110,0,"2020-11-25 19:53:09.000000",1031
699,Marvel_Stuff_,1464554299074166784,1043,1723,0,"2021-11-27 11:19:07.000000",470
700,arslanabbasi24,1412117029096595478,5,203,0,"2021-07-05 18:32:03.000000",25
701,Bharath9390,1225845647300943872,16,52,0,"2020-02-07 18:16:09.000000",132
702,Aniltimate01,1851640418,103,71,0,"2013-09-10 14:23:29.000000",5892
703,_KimHernandez,402385929,448,426,0,"2011-11-01 00:15:43.000000",12716
704,elymasterful,40200531,1037,2832,0,"2009-05-15 08:06:12.000000",8982
705,James_Hawkins1,19830550,786,2312,0,"2009-01-31 20:44:25.000000",15487
706,itsnirdeshh,1380848141952446466,6,21,0,"2021-04-10 11:40:49.000000",103
707,KegMoreH2O,1413174334722650117,59,226,0,"2021-07-08 16:33:24.000000",2669
708,misu92,86053197,76,82,0,"2009-10-29 12:18:37.000000",229
709,TheBeardedGeek_,1515962331766870016,8,121,0,"2022-04-18 07:56:20.000000",72
710,romanovapotts,1434248055574892545,249,242,0,"2021-09-04 20:12:44.000000",2483
711,PlayNDominate,1326102485547819008,1484,154,0,"2020-11-10 10:00:50.000000",118
712,CGCComics,1135190509,8889,463,0,"2013-01-30 20:55:01.000000",3942
713,JeSuisHeretix,2778279473,165,86,0,"2014-09-20 21:35:05.000000",19751
714,allisterxgianna,754971233284919296,796,1085,0,"2016-07-18 09:29:03.000000",10648
715,SahithiPurna,1272115034252955649,21,185,0,"2020-06-14 10:34:01.000000",369
716,JDjustice_,1455181519467827213,155,277,0,"2021-11-01 14:34:53.000000",2377
717,_ba7ath,1337058082707431425,108,370,0,"2020-12-10 15:34:53.000000",2993
718,Priyank_upa,1263138477702615040,3,51,0,"2020-05-20 16:04:37.000000",12
719,maisyx0x0,1030799458408255488,1378,1746,0,"2018-08-18 12:51:57.000000",32532
720,klhthong0611,1435164280605712384,20,43,0,"2021-09-07 08:53:36.000000",1446
721,NSMisAverage,1247627339170791432,450,420,0,"2020-04-07 20:48:44.000000",12244
722,deepseatedfear,1411971285114970113,1,75,0,"2021-07-05 08:52:57.000000",176
723,nolo_nate_o,1375438538053914625,24,275,0,"2021-03-26 13:24:56.000000",729
724,33kidchico,2713302043,94,480,0,"2014-08-07 00:24:57.000000",4633
725,GnanaguruD,336910284,371,1403,0,"2011-07-17 03:49:16.000000",2685
726,thorkelyimo,471401606,12678,712,0,"2012-01-22 20:29:58.000000",223550
727,jus10care,475491390,627,1084,0,"2012-01-27 03:39:56.000000",17857
728,arjunrane10,1040174116626681856,49,37,0,"2018-09-13 09:43:29.000000",852
729,ReviewsMango,1389888159727734785,70,387,0,"2021-05-05 10:22:24.000000",22
730,VeryRareDai,22300373,514,1215,0,"2009-02-28 21:59:45.000000",24703
731,amxndareviews,177703283,5795,1176,0,"2010-08-12 21:22:41.000000",268367
732,DanStuPart4,1448341208175104003,1877,2510,0,"2021-10-13 17:35:24.000000",8486
733,ch7_chandu,903930545742032896,46,199,0,"2017-09-02 10:40:11.000000",2646
734,JackPues,3134151912,286,317,0,"2015-04-03 05:09:52.000000",8696
735,BluishSanity,1503811187867373580,128,955,0,"2022-03-15 19:11:57.000000",2382
736,Elitef0rce1999,1009213635724496897,101,314,0,"2018-06-19 23:17:35.000000",3470
737,pusparani10,246844543,288,258,0,"2011-02-03 15:51:43.000000",21365
738,PotatoRedSauce,1491087729186439169,3,51,0,"2022-02-08 16:33:21.000000",233
739,YCultHarsha,1515675477993824257,318,54,0,"2022-04-17 12:56:24.000000",452
740,RSYcultD,1495416084245069824,405,264,0,"2022-02-20 15:12:59.000000",4989
741,lostinthehours,950330152654856192,770,667,0,"2018-01-08 11:35:39.000000",6389
742,AbhishekGocher5,1300669909509128198,29,143,0,"2020-09-01 05:41:07.000000",910
743,JivanWrites,1394921532195971080,79,28,0,"2021-05-19 07:43:18.000000",823
744,iamRealSameer,437251364,134,37,0,"2011-12-15 05:35:08.000000",54064
745,shawnmklimek,1232762447087505409,4049,3689,0,"2020-02-26 20:22:32.000000",4003
746,Parbatrohit123,1234532197643804672,55,958,0,"2020-03-02 17:33:22.000000",2442
747,paramvir367,785876696599789569,58,296,0,"2016-10-11 16:16:20.000000",1306
748,franzadrian_,223005533,957,652,0,"2010-12-05 03:08:54.000000",65807
749,IamRajenderPal,727407878798077952,2054,1262,0,"2016-05-03 08:02:07.000000",4861
750,adityaxkaran,1456612132892536833,2735,1760,0,"2021-11-05 13:19:40.000000",22710
751,DJrMqOp,1075710385481633792,169,217,0,"2018-12-20 11:11:56.000000",2809
752,OGHank312,23986599,877,1753,0,"2009-03-12 17:19:40.000000",45801
753,mahadev67008154,1181101190446084097,60,363,0,"2019-10-07 06:57:37.000000",994
754,womnwithoutfear,45523191,7357,911,0,"2009-06-08 07:58:40.000000",42450
755,VJ_Karthick,604442288,624,392,0,"2012-06-10 11:31:01.000000",12045
756,Izwyld,3686528119,108,419,0,"2015-09-25 23:22:01.000000",86582
757,prez40_reagan,1271323426179829760,5,68,0,"2020-06-12 06:08:31.000000",277
758,mimansashekhar,79804611,4457,555,1,"2009-10-04 19:04:17.000000",13746
759,prettygoldrush,1518622462845534212,50,234,0,"2022-04-25 16:06:48.000000",43
760,AliHamz75847139,1047498659615707137,13,293,0,"2018-10-03 14:48:36.000000",217
761,SpheB_Ngcobo,3226390605,470,699,0,"2015-05-01 16:32:00.000000",35905
762,JacquelineChr1s,1501240764759560194,65,168,0,"2022-03-08 16:58:06.000000",1664
763,fauzanuncurfls,1351222041085693953,41,251,0,"2021-01-18 17:37:03.000000",2572
764,SreehariPJ_7,1504347151358652417,1,10,0,"2022-03-17 06:41:44.000000",34
765,softilyily,1039428651459260416,212,131,0,"2018-09-11 08:21:16.000000",11088
766,irohitroy,196964430,189,397,0,"2010-09-30 10:01:42.000000",220
767,SouravJena27,1166746672187101184,147,394,0,"2019-08-28 16:17:49.000000",2003
768,hotline__bee,403315190,815,289,0,"2011-11-02 10:03:43.000000",37237
769,jfscn_,1302507946836975616,81,94,0,"2020-09-06 07:24:44.000000",2269
770,madhavbanka_,1160451106608046080,787,499,0,"2019-08-11 07:21:18.000000",35058
771,beesdots,1367811865842085888,1169,178,0,"2021-03-05 12:19:12.000000",19416
772,knackeredaf,1446147539846139905,140,180,0,"2021-10-07 16:17:04.000000",4252
773,i_m_prapti,164619726,17153,660,0,"2010-07-09 09:21:47.000000",136897
774,TheaEnriquez5,1338697197177556992,8,163,0,"2020-12-15 04:10:30.000000",1553
775,Maury97027720Ak,1483398391069810691,3,4,0,"2022-01-18 11:19:27.000000",132
776,shelbyanemone,28057209,82,177,0,"2009-04-01 05:24:04.000000",11261
777,Marvelolii,1299493348562972672,2426,385,0,"2020-08-28 23:45:53.000000",17647
778,tushar_0038,1489206557359230977,19,147,0,"2022-02-03 11:59:48.000000",139
779,Unknown_One_01,1490350422153842688,9437,10308,0,"2022-02-06 15:43:35.000000",12845
780,acdccte2000,3538368854,138,648,0,"2015-09-12 13:35:52.000000",21322
781,chaubey_sakshi,729889158097833984,173,132,0,"2016-05-10 04:21:50.000000",1646
782,GOATED_ROHIT,1381189577348501506,1194,1109,0,"2021-04-11 10:17:34.000000",11314
783,cypheroclock,748770475958874112,185,205,0,"2016-07-01 06:49:27.000000",77646
784,vigoredu,1480045333631569920,85,168,0,"2022-01-09 05:14:50.000000",222
785,FlyingShark3824,1432052850184577034,37,223,0,"2021-08-29 18:50:05.000000",2965
786,ShishirNigam771,1300567083793567744,14,16,0,"2020-08-31 22:52:25.000000",479
787,jmskroll,2369259618,102,26,0,"2014-03-02 18:55:08.000000",2885
788,nj2310ns,1307397322251202563,4,29,0,"2020-09-19 19:13:18.000000",793
789,Hussnai84338059,1254327907155091457,33,471,0,"2020-04-26 08:34:35.000000",1224
790,psychedeIique,1264968376603906052,632,591,0,"2020-05-25 17:15:48.000000",35184
791,Zeus200Z,351871455,403,482,0,"2011-08-09 21:00:44.000000",944
792,MahimaJyothi,719524569346924544,9527,604,0,"2016-04-11 13:56:40.000000",89374
793,Bunny_Sai_00,1318469579769745409,217,601,0,"2020-10-20 08:30:29.000000",16221
794,DehatiVats,1257198458630549504,97,35,0,"2020-05-04 06:43:31.000000",8566
795,SameerKundra25,1459153939845111819,46,23,0,"2021-11-12 13:40:36.000000",1345
796,askaadm,949570972935274498,62,179,0,"2018-01-06 09:18:56.000000",52385
797,HetavThumar2017,1278306404990767105,17,71,0,"2020-07-01 12:36:27.000000",200
798,Joedeertay01,87328905,320,844,0,"2009-11-04 00:59:58.000000",47757
799,migo_kyoto,3316442738,226,500,0,"2015-08-16 03:03:10.000000",31825
800,hundal_16,1237644328782069760,93,515,0,"2020-03-11 07:39:49.000000",2773
801,saffronarmy9,1454849243923968008,37,240,0,"2021-10-31 16:34:38.000000",2166
802,PrachiSheth20,1261179353582522368,19,23,0,"2020-05-15 06:19:43.000000",778
803,the_super__man,1547739252,338,1750,0,"2013-06-26 09:34:31.000000",3608
804,SkyNetDZN,1212414899634110466,607,425,0,"2020-01-01 16:47:03.000000",9185
805,MarvelUnivInfo,1503982750138785793,8,83,0,"2022-03-16 06:33:33.000000",173
806,himansu_hsr,3242063623,64,370,0,"2015-06-11 06:37:10.000000",267
807,dattebayomylife,1491823143656169484,30,68,0,"2022-02-10 17:15:46.000000",413
808,iam_rrt,631755237,226,1254,0,"2012-07-10 04:26:42.000000",7430
809,juliansdurai,1122676410558980096,54,125,0,"2019-04-29 01:38:09.000000",1191
810,BellaCross_,1429661688542945283,23,40,0,"2021-08-23 04:28:10.000000",186
811,worldofpoorvi,851021094718984192,46,325,0,"2017-04-09 10:36:54.000000",410
812,UniqueF_KajalA,1172707856748965888,3185,934,0,"2019-09-14 03:05:31.000000",58103
813,Yash_Dhawan_,1466811937325420546,25,26,0,"2021-12-03 16:50:21.000000",2520
814,khwaiyshh,1396331946481917956,180,611,0,"2021-05-23 05:08:50.000000",9302
815,SyedWaseem2506,1405943626220281858,2,7,0,"2021-06-18 17:41:17.000000",115
816,JanaBalaji6,1336954901134393351,30,1044,0,"2020-12-10 08:44:48.000000",216
817,dipeshjain2000,1194975629009010688,43,41,0,"2019-11-14 13:49:38.000000",84
818,i_ru_h,2412094856,128,133,0,"2014-03-26 05:26:35.000000",40748
819,rverniz16,197061616,321,457,0,"2010-09-30 15:21:35.000000",18650
820,lanegrasaucedo,194285152,4888,2285,0,"2010-09-23 20:34:42.000000",35087
821,EnderjuiceHQ,1063012812161761281,381,804,0,"2018-11-15 10:16:19.000000",8542
822,Jazasinjazmine,1272441619627687936,142,669,0,"2020-06-15 08:11:45.000000",2676
823,Pushpen99290560,1349947208267776001,0,11,0,"2021-01-15 05:11:28.000000",21
824,napohrubio,1171415375122247682,38,327,0,"2019-09-10 13:29:35.000000",3213
825,MrSeventy8,2377244582,262,531,0,"2014-03-07 15:06:56.000000",21737
826,3Dindaeyo,908939901323796480,139,236,0,"2017-09-16 06:25:34.000000",18226
827,David_villalon,72370404,243,927,0,"2009-09-07 20:13:07.000000",4795
828,ihateangelo,1430276453304786956,25,210,0,"2021-08-24 21:11:07.000000",1069
829,LORDWEALTH_,125113847,1207,3885,0,"2010-03-21 18:51:47.000000",19856
830,BigBoss550,2339622925,637,578,0,"2014-02-12 02:37:39.000000",58223
831,ArthurBlueVis,149919810,1600,1543,0,"2010-05-30 15:34:32.000000",10960
832,lixieepixiie,2564814261,1458,3936,0,"2014-05-26 06:55:34.000000",261978
833,Tseal14,55154629,266,250,0,"2009-07-09 05:36:39.000000",60813
834,holson_sheryl,1485267027216502788,37,91,0,"2022-01-23 15:04:28.000000",67128
835,lauren_glasberg,1334996606324793344,19,305,0,"2020-12-04 23:03:04.000000",4305
836,22onetzki,1478518441824841728,42,277,0,"2022-01-05 00:07:44.000000",2060
837,ElijahKelley19,1017796776005373953,27,460,0,"2018-07-13 15:43:55.000000",1078
838,btstrend,1315170175470116864,9024,6354,0,"2020-10-11 05:59:59.000000",50895
839,HitmenEwok,1191113514,38,72,0,"2013-02-17 20:51:43.000000",1547
840,RishiP_MUFC,25309877,126,154,0,"2009-03-19 14:53:44.000000",6591
841,woreIongsleeves,1138482343432400898,607,303,0,"2019-06-11 16:25:17.000000",10318
842,neongold19,3276913328,83,553,0,"2015-07-12 01:31:50.000000",9482
843,iamkhur,141766846,395,1149,0,"2010-05-09 00:34:50.000000",9654
844,ST6RKS,1431274657949392899,669,1119,0,"2021-08-27 15:17:34.000000",18869
845,riley_227,1142856049071919106,22,158,0,"2019-06-23 18:04:50.000000",4501
846,buckyismyguy,1465234423838773252,7,171,0,"2021-11-29 08:21:43.000000",570
847,gbartonsinkia,710676180110716929,372,981,0,"2016-03-18 03:56:19.000000",12298
848,conichutle_hot,1312430858717081600,8,72,0,"2020-10-03 16:36:52.000000",25
849,ross11ross,44867242,673,1800,0,"2009-06-05 10:51:19.000000",44267
850,ms4you,53712928,861,4949,0,"2009-07-04 17:09:45.000000",16479
851,hachikitamura,59851550,541,228,0,"2009-07-24 18:29:44.000000",158249
852,thericoradio,35695632,188,558,0,"2009-04-27 07:33:04.000000",24138
853,8O2th,2255958270,8,125,0,"2013-12-21 04:04:25.000000",18454
854,DarthQueenie,117031893,622,442,0,"2010-02-24 09:39:41.000000",14699
855,iamsudeday,867455690079698946,61,99,0,"2017-05-24 19:02:07.000000",284
856,fry2net,468123145,42,142,0,"2012-01-19 06:04:20.000000",1997
857,Jonesyful,13913852,165,130,0,"2008-02-24 21:03:16.000000",12048
858,YazminMFigueroa,1413689796086706176,7,266,0,"2021-07-10 02:41:58.000000",1814
859,CloudyinRed,1000468234909384704,195,191,0,"2018-05-26 20:06:29.000000",32506
860,chelsiewrath,703251273320161280,25690,9856,0,"2016-02-26 16:12:24.000000",20942
861,Frankalexvalent,836042828992040960,2441,3537,0,"2017-02-27 02:38:38.000000",109162
862,TheRealODP,2205228092,510,323,0,"2013-11-20 16:46:15.000000",11576
863,twit_breezy,734242990605139968,67,654,0,"2016-05-22 04:42:25.000000",10503
864,soulfulbeary,1251386093343141888,35,36,0,"2020-04-18 05:44:42.000000",348
865,TheSouthMovies1,1215827547050524672,6426,484,0,"2020-01-11 02:47:43.000000",22949
866,ArzaanSyed,989392246645673984,62,31,0,"2018-04-26 06:34:28.000000",121
867,charlie_kenner,1355699478599110656,5,122,0,"2021-01-31 02:08:55.000000",579
868,ItzMeCaleb__,1159454822015352833,48,860,0,"2019-08-08 13:22:25.000000",801
869,TVPartyPlanner,1950420794,985,4141,0,"2013-10-10 00:50:04.000000",110851
870,agbara_chisom,1249372661865644032,125,265,0,"2020-04-12 16:23:58.000000",4181
871,Renjith3244_,1506171266767921156,1370,1100,0,"2022-03-22 07:29:55.000000",158889
872,laurenwatkins88,207425851,53,451,0,"2010-10-25 09:17:15.000000",2407
873,MSNibuna,1450129838002434060,73,539,0,"2021-10-18 16:01:25.000000",344
874,xameliaxkx,1341539569452408836,415,2022,0,"2020-12-23 00:22:25.000000",4209
875,imanzie1,1119536470203744256,585,347,0,"2019-04-20 09:41:09.000000",3471
876,spyderladies13,3393680991,266,336,0,"2015-07-29 12:12:44.000000",13115
877,thirdbrother03,1436162385610358788,34,399,0,"2021-09-10 02:59:39.000000",1107
878,afroguest,70509038,550,582,0,"2009-08-31 21:43:05.000000",7232
879,smilezvone,1253076496777969664,2534,2276,0,"2020-04-22 21:41:46.000000",51319
880,2003Ashirbad,1256143605418221568,36,114,0,"2020-05-01 08:49:20.000000",165
881,kukreja_mahesh,361261425,59,52,0,"2011-08-24 14:22:40.000000",104
882,Shaizaan_12,1365321722015059972,42,60,0,"2021-02-26 15:24:11.000000",1341
883,ELS_YouTube123,1494109993570009088,4,18,0,"2022-02-17 00:42:47.000000",69
884,KanishkaRishabh,1067856237750964224,6,45,0,"2018-11-28 19:02:21.000000",116
885,A_T_Mpod,1506207143375998979,29,133,0,"2022-03-22 09:52:31.000000",93
886,SarahLouise34,22505160,1149,926,0,"2009-03-02 17:05:04.000000",58207
887,jugraf,16132354,1201,1209,0,"2008-09-04 17:51:48.000000",216571
888,iknowtsplaces13,1109162006744051713,199,349,0,"2019-03-22 18:36:44.000000",495
889,jordananimate,22589696,557,2377,0,"2009-03-03 05:17:56.000000",54619
890,CarlosHuijghe,788863311861452800,85,203,0,"2016-10-19 22:04:04.000000",1498
891,vishnuryadav,2672662998,4,25,0,"2014-07-23 07:49:36.000000",213
892,StefaniaSassano,613958538,2488,290,0,"2012-06-21 00:18:49.000000",3249
893,SV_CinePlex,1469587642832461825,842,22,0,"2021-12-11 08:39:44.000000",711
894,MinaPlaysRb,714774618108796933,364,429,0,"2016-03-29 11:22:03.000000",27855
895,TopPilotGaming,714967053225091073,81,456,0,"2016-03-30 00:06:43.000000",5857
896,BelieverHemanth,945366155673219072,318,22,0,"2017-12-25 18:50:30.000000",3858
897,BOXOFFICE_WORLD,1513193592927698947,9,17,0,"2022-04-10 16:34:12.000000",99
898,MoviesAnalyst,1485892321954906112,395,50,0,"2022-01-25 08:28:45.000000",2202
899,ManozKumarTalks,1213469890922729472,3519,5,0,"2020-01-04 14:40:08.000000",10584
900,Its_CineHub,770259414133551104,14729,7,0,"2016-08-29 13:58:49.000000",25979
901,Mubarak94528215,1485939987715883036,4,234,0,"2022-01-25 11:38:07.000000",46
902,itsFilmyLife,1380059011198902273,1029,579,0,"2021-04-08 07:25:01.000000",1387
903,SacnilkEntmt,963962372753772544,13279,13,0,"2018-02-15 02:25:14.000000",26753
904,CodeXColdZ,1169256877496000512,20,241,0,"2019-09-04 14:32:36.000000",1199
905,SaathoffKenneth,1505247567378067462,1,7,0,"2022-03-19 18:19:28.000000",1
906,QuarterPalace,2805594317,55,47,0,"2014-10-04 16:14:36.000000",4722
907,spiderlou2099,2516460061,3344,1918,0,"2014-05-22 22:17:20.000000",133016
908,SarveshShankar4,1224322319515963392,13,162,0,"2020-02-03 13:22:59.000000",283
909,halouuna,1481790323051286528,374,128,0,"2022-01-14 00:51:15.000000",15673
910,nickthepickle33,1581054763,85,1008,0,"2013-07-09 17:54:20.000000",3005
911,theobtainedmage,1218197691966152704,1787,4058,0,"2020-01-17 15:45:49.000000",40582
912,adrianchez_,719883532085157888,52,116,0,"2016-04-12 13:43:03.000000",5033
913,MuseLuver86,330378745,660,2030,0,"2011-07-06 14:45:41.000000",79857
914,Zero_3333,1069593752401002496,205,184,0,"2018-12-03 14:06:37.000000",3007
915,mayurpuri,1677305616,10534,1027,0,"2013-08-17 04:37:30.000000",26982
916,theanimebuff1,956663425379155968,251,390,0,"2018-01-25 23:01:49.000000",25731
917,J1Online_,2320140656,390,330,0,"2014-01-31 03:15:03.000000",35002
918,wdwxsauce,779077914,163,278,0,"2012-08-24 22:24:39.000000",6379
919,tonycmk,214435856,718,990,0,"2010-11-11 12:01:21.000000",30293
920,yondaeeee,1308328470288560130,629,3870,0,"2020-09-22 08:53:20.000000",35586
921,highonnweed,1209877382112219137,117,186,0,"2019-12-25 16:43:55.000000",19399
922,MontyTheHorse12,896787120605495296,541,3636,0,"2017-08-13 17:34:45.000000",15264
923,DavidFCarty,588032528,179,751,0,"2012-05-23 05:32:39.000000",34796
924,ZindagiAmoeba,1328040346052247554,7,13,0,"2020-11-15 18:21:19.000000",248
925,SonaliD29676659,1415645119735234562,0,16,0,"2021-07-15 12:13:19.000000",43
926,ShumayelK,1115546899,95,748,0,"2013-01-23 23:37:48.000000",5304
927,cinemafreak8,1478258492834152450,12,53,0,"2022-01-04 06:54:43.000000",441
928,Superstaryash2,1109826731165179904,263,794,0,"2019-03-24 14:38:07.000000",7946
929,HydCollections,2787444157,5616,10,0,"2014-09-03 06:43:39.000000",11084
930,yogesharma97,924537176540422144,51,857,0,"2017-10-29 07:23:34.000000",2702
931,PePe____6,758281125496168448,1827,903,0,"2016-07-27 12:41:23.000000",20147
932,WhatsupTkay,171867971,1426,3220,0,"2010-07-28 10:56:03.000000",19270
933,NishitShawHere,877360498097799168,2630,79,0,"2017-06-21 03:00:18.000000",11181
934,JaseelMhd_GOAT,1038982297444278272,3137,784,0,"2018-09-10 02:47:37.000000",6148
935,Sandeep_DFitt,899792956307132416,46,29,0,"2017-08-22 00:38:52.000000",1991
936,Mrvl_fanboy,1408116007588175872,3,24,0,"2021-06-24 17:35:16.000000",38
937,Hejaz_AM,140833677,376,4994,0,"2010-05-06 13:43:31.000000",49676
938,GaneshDompaka,820971057205178368,153,421,0,"2017-01-16 12:28:47.000000",6239
939,Think_Wiselyy,903854316317900800,7,8,0,"2017-09-02 05:37:16.000000",1275
940,emilybarnes41,1445237985277054977,278,187,0,"2021-10-05 04:02:55.000000",1206
941,shekharg,14893039,761,209,0,"2008-05-24 19:29:52.000000",23355
942,Boukenred,36608361,170,923,0,"2009-04-30 05:57:41.000000",5566
943,TFIMovieBuzz,728493190731341824,8685,0,0,"2016-05-06 07:54:46.000000",3642
944,DeepakVShenvi,333307913,244,437,0,"2011-07-11 10:04:08.000000",4305
945,EmmaCho39584428,1411577909576224771,121,121,0,"2021-07-04 06:49:47.000000",290
946,ELDorado_Mughor,1077317214720540672,226,304,0,"2018-12-24 21:36:54.000000",19521
947,mrpinktoo,310769563,58,212,0,"2011-06-04 09:44:20.000000",2021
948,lcooke_58,849737490,573,1199,0,"2012-09-27 18:36:20.000000",11163
949,themintjournal,1181378089470906368,130,22,0,"2019-10-08 01:17:57.000000",1561
950,raabbird,310828949,164,756,0,"2011-06-04 12:28:15.000000",3430
951,CarlNyberg312,1615736210,4465,4565,0,"2013-07-23 17:27:27.000000",213917
952,2whop_pop,1100831921305735173,70,2285,0,"2019-02-27 18:55:57.000000",2363
953,san_sushree,1216037459508617223,285,181,0,"2020-01-11 16:41:50.000000",6581
954,deeriemee,1496445178932240384,1158,3052,0,"2022-02-23 11:21:55.000000",6403
955,Sid_6156,46853984,254,279,0,"2009-06-13 08:33:51.000000",4662
956,PjAwesomeK,1512981464207425537,18,119,0,"2022-04-10 02:32:35.000000",143
957,datngu,18258900,308,2193,0,"2008-12-20 02:14:01.000000",46526
958,lyseee513,53786960,245,286,0,"2009-07-04 23:25:19.000000",23316
959,_blaqbeard,529069739,275,275,0,"2012-03-19 03:34:50.000000",11233
960,KiKiMonroe89,68566396,123,265,0,"2009-08-25 01:08:51.000000",7653
961,TrulytheFirst_1,176433109,17484,11165,0,"2010-08-09 14:38:34.000000",155454
962,sexyblonde212,3416852021,555,122,0,"2015-08-12 03:21:05.000000",18144
963,VIRGOsGROOVEdMe,43222914,1107,1550,0,"2009-05-28 23:21:14.000000",14481
964,GuernicaWiliams,270056840,1534,1034,0,"2011-03-21 22:39:13.000000",143207
965,Boi_Gorgeous,248802635,2116,2018,0,"2011-02-07 19:16:47.000000",21711
966,TedyWest_Side,1456744807976644616,1177,2138,0,"2021-11-05 22:07:07.000000",1108
967,_Aditya_Devraj_,3463539432,84,189,0,"2015-09-05 21:48:38.000000",4479
968,SEO_HEABOM,1497526928894357505,0,1,0,"2022-02-26 11:00:40.000000",75
969,ashmassash,901616413,122,310,0,"2012-10-24 10:53:49.000000",7060
970,satyasanket,2596306154,7763,61,0,"2014-06-30 12:42:29.000000",44062
971,chiyonosake_89,2194234393,78,284,0,"2013-11-14 13:51:03.000000",5244
972,Spriha_Kant,2464814702,561,545,0,"2014-04-26 16:02:36.000000",29347
973,Yvan_sol,2349441856,129,201,0,"2014-02-17 21:53:28.000000",2432
974,CFC_Shaun,968854044,153,353,0,"2012-11-24 21:49:17.000000",5750
975,NJnikki1796,854265269010747392,12,33,0,"2017-04-18 09:28:06.000000",62
976,mattwyatt651,550457552,468,1766,0,"2012-04-10 21:27:09.000000",22696
977,KingMarcMarc,267280516,95,183,0,"2011-03-16 16:58:45.000000",629
978,JCFrank57,323912284,422,1049,0,"2011-06-25 17:06:46.000000",5432
979,worldofHailee,1408842802738307073,142,141,0,"2021-06-26 17:41:33.000000",4792
980,Malkavman,57289288,96,103,0,"2009-07-16 09:27:39.000000",1693
981,4011Ronin,1351086791873482753,107,216,0,"2021-01-18 08:39:44.000000",10334
982,AjAjj15115471,1398216710386184192,57,50,0,"2021-05-28 09:57:16.000000",797
983,Ilse_Futbolista,284599200,1094,1428,0,"2011-04-19 15:52:56.000000",324782
984,TravisConover,437707310,3689,355,0,"2011-12-15 18:53:57.000000",11163
985,congotim,18784491,765,1741,0,"2009-01-08 23:37:09.000000",12545
986,Meffistoe,18722981,308,104,0,"2009-01-07 14:40:58.000000",8194
987,foxyblvck,3403650291,128,136,0,"2015-08-05 04:00:52.000000",1896
988,snides11,1144289785831481345,190,416,0,"2019-06-27 17:01:59.000000",12153
989,laranxart,1356036450958118913,110,17,0,"2021-02-01 00:27:58.000000",2211
990,Roadrunner84,221349713,242,269,0,"2010-11-30 12:31:16.000000",3693
991,TeamPBTE,1293479936813142018,2737,6,0,"2020-08-12 09:30:40.000000",2753
992,At_gamechanger,3071994990,69,227,0,"2015-03-10 22:37:51.000000",24941
993,Lakshya_Monga,1170351554081148928,71,518,0,"2019-09-07 15:02:23.000000",3302
994,clareafk,1010942053419814912,97,277,0,"2018-06-24 17:45:42.000000",5451
995,Jazz_Cruiser,404729767,173,972,0,"2011-11-04 10:13:47.000000",12335
996,ChiMpuisCuTe,1295549308314386432,1014,996,0,"2020-08-18 02:33:34.000000",33538
997,RRR_RC15,1313088183014354947,417,318,0,"2020-10-05 12:06:43.000000",39686
998,pradeepr1981,742891296822419456,1386,4909,0,"2016-06-15 01:27:42.000000",81687
999,POP_Culture2020,1305520831448125442,1771,2537,0,"2020-09-14 14:57:16.000000",8976
1000,NiceNerdTV,887318281287331840,71,235,0,"2017-07-18 14:28:58.000000",12650
